0.0	1579.331687242731	NaN	NaN	NaN	NaN	1.0	55309.37807588913	NaN	NaN	NaN	NaN
0.002672746339979227	13516.029638739366	7.461272837351347e-13	-5232.04341309029	-7.205426652241927e-13	-5853.76314330841	18.0	16313.215026011048	5.326743101441517e-12	30413.919556214765	8.281485799724999e-12	29186.323856987005
0.004672183071752521	19510.115036126037	4.3609393696291246e-13	-2433.2626879781037	1.2135901196451307e-12	-1604.4118476600352	62.0	9110.651957137648	2.1569269299718866e-12	20587.700399412905	3.185841037631804e-12	26868.324278249558
0.006564167585221056	24760.76056741186	1.660124576604854e-13	-1351.4786971221608	3.916956253302077e-13	-1716.9755737912426	98.0	8373.789309345815	1.4537613307252995e-12	17020.845711243826	2.5702801770384868e-12	22724.025087822425
0.008504458441081823	27605.46545330344	-6.084069083382668e-13	-1565.0448353579989	4.225308137657507e-13	166.14464953781422	210.0	5838.813560822043	1.3907352459981382e-12	13853.236460375792	2.1825703975934956e-12	17953.341146617622
0.010676353141326825	30990.235287194675	-7.222754653907686e-14	-462.55840428979565	-2.578149889818383e-13	-1636.3439476697354	350.0	5288.561579980794	7.275825843352568e-13	10942.789608844128	1.2310918149469287e-12	14477.049747036672
0.012821736464951864	32450.050816183128	-1.0189304467634579e-13	-952.8341608050952	-1.5237280214121178e-13	-939.8999028459922	450.0	4568.995188064187	7.429700599122961e-13	9680.445555131926	1.243881250458759e-12	11600.24180986097
0.014811024481278072	33392.846862230705	-2.300247006434985e-13	-694.8569729187568	-5.997408935431534e-13	-492.30178685277656	602.0	3609.723149841094	4.945383495533178e-13	8052.680965585617	8.438785151658206e-13	12087.304812083112
0.01680768479659022	32797.65639610795	6.387449315901293e-14	218.30942139288618	2.0037687752287236e-13	-16.39937038924529	762.0	3586.048956963734	4.442491196138498e-13	7049.858492534022	7.009831757615359e-13	10641.294359646745
0.018969752078038634	32512.42950880885	-1.0809216219988833e-13	-98.79603638588652	2.7288784138350928e-14	308.1489001754141	1142.0	3370.9121754981384	4.5474640442593887e-13	6680.959598297454	7.386127342482144e-13	9596.36030023465
0.021139474258468342	32127.77608861317	-3.728131886615586e-14	-642.7876159937254	-4.309311784019218e-14	1403.4627916719246	1250.0	2859.7586639767815	3.417326772017774e-13	6361.570205146513	4.844428445130718e-13	7921.049473844305
0.02316662612605558	31485.88211481525	7.322490166848985e-14	-223.7949228063842	1.4169571962172155e-14	-204.20651988476635	1458.0	2257.4349459437162	3.929833626236291e-13	5823.673294352497	4.402255066292832e-13	7688.074342202675
0.025193761228453515	30135.174357563337	-1.9231887764371944e-14	106.30455591960384	-2.400004562321478e-13	214.93934374511824	1814.0	2244.142932263665	3.125246005932331e-13	4838.952936163504	3.782486281841559e-13	7101.57561720448
0.027320893792279304	28683.697297228	-7.856632344022822e-14	590.5278429659976	-2.0839143958092984e-14	9.070859463421371	2178.0	1970.8956334191203	3.104614422043393e-13	4224.77909055949	3.835018396644154e-13	5214.556126820008
0.029434086525317225	27034.07842333774	8.066931411917652e-14	-448.32893146980854	1.375698250560036e-13	-504.5458424416943	2498.0	1700.7438100785498	2.7173789247353794e-13	4350.331715752398	3.300640764270064e-13	4919.1549386183515
0.03145070173609333	25417.71248408214	3.013839104909898e-14	-638.9594683097274	3.6121963195084224e-14	826.4443229096155	2622.0	1796.411402994527	1.9125545548537554e-13	3694.8213919636223	3.152347584692837e-13	5251.497032762708
0.03351999859451853	24133.269441482913	1.4711336173200073e-14	-13.658412307741191	1.1847014533666687e-13	-777.9287042941584	3338.0	1517.1234310627362	1.9129437677553365e-13	3303.2575958993316	2.7875115171649227e-13	4100.473644569468
0.03567127104290463	22832.02651032903	-2.4773064487223945e-14	421.64706272935575	3.411138686130166e-14	-234.53679576267504	3722.0	1349.2061731160445	1.9111800959194186e-13	2713.9969479357815	2.4446719907680723e-13	3527.9223298654197
0.037809089466011754	21631.897758684685	-9.345204901815286e-14	200.8756892260304	-4.270965479322186e-14	-297.6494960053188	4170.0	1150.676589080228	1.6089026438449314e-13	2300.4856986652744	1.95959224752736e-13	3977.369676312579
0.03986962342462368	20350.27015948477	-6.984952882106411e-14	-322.6107624227774	-1.6281468023899328e-13	472.6013523341728	4358.0	1190.7942517783713	1.604176928571943e-13	2694.7190349879406	1.790901086663658e-13	3072.3680746308714
0.04192678301280368	19579.425921323236	-7.528164661518544e-14	-230.87032566434857	-8.125377294045486e-14	-550.8764841350837	5034.0	993.1155950187849	1.25664508884581e-13	2687.8231262866466	1.4768797930401353e-13	3058.2050693173414
0.044049644283299154	18787.53425909293	-4.116783987620028e-14	220.55505542747127	-1.9841363944667117e-14	-21.020716460864428	5714.0	1053.7101540525596	1.4109826033857914e-13	2104.229305948806	1.6776775014040067e-13	3022.733977537312
0.0461520765124625	17779.274573278333	-4.04742113740726e-14	-129.68741030680965	-4.3533484342415775e-14	-484.9283351503894	5982.0	938.418261369949	1.0770315800556241e-13	2085.3430299664815	1.620863001124792e-13	2881.825185305697
0.04821654287098462	17116.955643039197	-3.4392197365245207e-14	56.58035077882684	-5.136019939566694e-14	-6.919453133965401	6602.0	900.905914311333	1.1013301748607939e-13	1931.214743962433	1.436520352994221e-13	2408.7600192356067
0.05028446778888448	16569.599199186123	-7.160639794904447e-14	178.1807187764163	-5.608576229438244e-14	-385.73401609054895	7130.0	878.6900927403012	1.069174826697751e-13	2011.3365948579626	1.5007413247491315e-13	2727.795020918799
0.05239093180212778	16155.823194043045	-9.936890400573225e-15	6.30079613238237	-2.1452388627727718e-14	264.8135839679515	8034.0	729.4516991610411	9.501065086881396e-14	1777.3943677670325	1.47048398151564e-13	2366.74609326807
0.05451389022805993	15584.749229389021	-4.210297400249777e-14	-160.5179089477506	3.922148270021304e-14	12.789413189905565	8606.0	815.3915487198868	1.0511920727678082e-13	1718.125795111855	1.1657044315576452e-13	2306.319436476703
0.056608499535902954	15324.089835528306	-2.1179954383988837e-14	93.45433369571563	2.9844750748472406e-14	-17.229112757207147	9066.0	759.6161684031773	8.245711208357206e-14	1490.5230672183302	1.2364693587615442e-13	2501.0184788080983
0.05870041228185086	14752.879378184387	-3.4506534525193086e-14	248.88057166336228	-4.884533669170227e-14	116.77674718422084	9962.0	696.2744277145047	8.679143522265815e-14	1543.6659158766126	1.2947934160092006e-13	2000.7941744577622
0.06079990868488397	14598.2498010033	-2.0758498523584193e-14	-262.05222983513517	-3.0644760422462256e-14	261.2654439805607	10550.0	680.6685865680079	7.316044401054179e-14	1452.622464812283	1.0598361402495667e-13	2266.1567015514993
0.06288352399537324	14197.13988609668	-6.337376618686563e-14	-42.8512475204231	-8.604075356296209e-14	-5.872052101145695	11226.0	633.9227585660083	8.458379764042346e-14	1442.9506811270353	1.034828753543702e-13	1703.8645225597727
0.06496933863633478	13827.051915998702	-3.558952191599902e-14	22.036851607088366	-1.4131698809695396e-14	-222.9104328557539	12146.0	637.1959249430237	6.348648911691154e-14	1415.0241418813841	9.577343900120202e-14	1789.3964229783344
0.067047463818807	13458.088127266892	-2.4795057144393803e-14	116.47236877289671	1.815783586814475e-14	186.76766805058006	12606.0	719.1365092737357	6.388021257081989e-14	1402.8314890367787	9.159910328315289e-14	1878.7719427301959
0.06913175452825705	13063.540930360547	-2.4671448424266594e-14	-8.88505222828702	-3.4862856858412246e-14	-8.88018749295256	13802.0	557.0833192741137	5.728505615244105e-14	1157.220981150294	9.384405871872682e-14	1767.5394508543054
0.07124626098411652	12656.111303541877	-3.695669980967438e-16	-143.54109694173724	-2.110263963666947e-14	-101.388445148948	14754.0	577.8560489928913	6.896894380468693e-14	1258.8766938226556	7.937132886373612e-14	1577.5641481053249
0.07334431226217804	12420.988421064338	1.1692858841598284e-14	1.7699019165984806	1.457208607258116e-14	115.99588157420774	15194.0	548.5262182561407	5.90581817066872e-14	1192.5740282954	8.11949319422932e-14	1754.1454069018444
0.07543096140594086	11924.020011757786	-3.733445314998819e-14	-185.70915385886573	2.9242322235212866e-14	-77.24519504237622	16454.0	431.72771236472926	6.512319859223664e-14	1204.3039869845982	8.063871032511683e-14	1556.324166535944
0.07753278308483011	11500.136282936342	-4.091316030920474e-14	-81.50738801239076	-3.6920830027050537e-14	-1.6650932571141368	17154.0	411.3495094326202	5.249244925374811e-14	1087.796033724767	6.879274959984916e-14	1233.4447427173216
0.07962965000734924	11037.717212626685	-1.911520197315078e-15	112.10825510686692	-4.9156137869034597e-14	189.75499020012984	18266.0	490.1764884707946	5.3942131560279234e-14	1015.5081132044207	7.473521424877935e-14	1249.8659274166127
0.08170723762107696	10570.415535182794	-2.1327235006726208e-14	42.06111369407557	-2.757414217111805e-14	-55.46651825561008	18750.0	543.7153555104603	4.408900850946513e-14	1072.5525157140537	5.316415513242819e-14	1221.8900697687427
0.08379118810226291	10193.560116884068	-1.547708603977251e-14	153.40492101617244	9.522692254769386e-15	-260.19847262515214	20234.0	464.66290255427674	5.1000159809031347e-14	927.2329926469561	6.744579051382146e-14	1363.4448146975544
0.08590228751037517	9832.73756517211	-1.864372126307325e-14	52.64284710675925	1.1368843408679292e-14	157.10956647701846	21450.0	432.26103127416707	4.8423841446657184e-14	1090.8488255203438	5.2634568142396724e-14	1283.8401302503185
0.08800675061496373	9247.79545418214	-1.1799298196982842e-14	50.724585306407945	-1.141464581094837e-15	-40.2621807233308	21962.0	429.17326881520574	5.047845761657762e-14	882.220986612024	5.996737743263955e-14	1221.2171156837778
0.09009653920482735	8973.030602411995	-1.2382451309209361e-14	-99.15321385842876	-2.037328035607975e-15	-153.6939318428636	23462.0	398.2259890045142	4.602298741080912e-14	899.6164273781204	5.818040100658067e-14	1168.156294421522
0.09218711218652552	8450.570365773548	-1.4208278845056187e-14	34.91213679545031	-2.836895792286839e-14	10.680400142893602	24042.0	418.8910914151165	3.479444854395478e-14	883.0445553668942	5.752725734090496e-14	1008.3744002002865
0.09428989135945491	8103.746610476099	-1.3441315938941125e-14	-12.323529004399228	-8.653821241667017e-16	-112.78052705914101	25946.0	361.15135573474197	3.506219849969415e-14	835.348025409099	4.693486858050708e-14	1170.3318883195695
0.09638281571351456	7782.2873421951745	-1.8780073635591302e-14	98.95683001622925	-2.966449175934384e-15	-12.02065916440395	26118.0	407.76128377707585	3.178186410575748e-14	925.0514930470241	4.844965332461347e-14	1225.3847004957302
0.09845070847210079	7614.596438401284	-9.602209129076113e-15	27.268862470374316	-7.151910800202799e-15	44.32671051598504	27506.0	348.81247386327715	3.635482403243449e-14	739.9091997233704	4.343263658777227e-14	1032.7579830295142
0.10053577780376487	7293.816319905433	-1.2246926699652404e-14	-122.03104843345966	3.076108493695029e-15	-229.7378527854602	29066.0	345.9147114175705	3.738513676857428e-14	777.3164363039517	4.377779046628793e-14	1159.147385820219
0.10264601037098249	7024.53312674129	-2.015370366947217e-14	-39.61747336233239	-4.8603851512103865e-15	-28.544320177388318	30450.0	376.26202932323366	3.0551133221937816e-14	760.9280838004648	4.197981402316787e-14	966.2064768502763
0.10475860326097716	6812.462390900881	-1.5680973532983985e-14	4.822691371395133	-2.3034833778610552e-14	70.61784291468432	31742.0	340.4056107486418	3.1093522045408834e-14	764.91106205192	4.245039370777972e-14	938.3220840935476
0.10684869229362234	6632.446273225256	-2.426898700563008e-14	0.652845438286493	-2.251554439821087e-14	45.623732415734885	32250.0	380.8171207372238	2.543786207692525e-14	827.1775523717	4.6008982163054695e-14	1001.9405120335934
0.10893752493866628	6499.209872427409	2.6704610859540805e-15	-147.9744601753214	-1.1114881107936492e-14	11.641450349747638	34250.0	338.3843281642694	2.85235441416911e-14	678.6500926565103	4.3758723986894613e-14	1004.3604301797487
0.1110411892736213	6383.195197875163	-1.6503591608587366e-14	58.52527795004809	-1.773380581807586e-14	-60.74741301268146	35454.0	302.0721716395941	2.7266081859197756e-14	685.1677062340609	4.012397916892493e-14	1007.8784203143806
0.11313480595029494	6228.310962626083	-1.9628267980297394e-14	-18.53385730645853	2.376035027292769e-17	-46.660535508461706	36434.0	317.89536887197244	2.6481567308441932e-14	742.7587469638739	3.4838378608362154e-14	1092.1532623838227
0.1152129706138257	6102.086822653716	-1.713143112876945e-14	57.90426263647624	-1.751832915696384e-14	-146.5305484368387	37682.0	340.29482060059644	3.026843559242433e-14	571.0326820282797	3.7276208377900965e-14	884.3816845806793
0.11729351893921021	6039.965098511099	-2.199667870598708e-14	101.10233366436276	-1.7947167890455626e-14	-0.4582271266330747	39294.0	325.4587845230481	2.583958710519866e-14	754.7818995622312	3.7580037836785955e-14	950.4403722586839
0.11940098780082176	5909.591154115107	-8.055340123041675e-15	-115.34216904939589	-6.7117926298757375e-15	143.3410205961244	41426.0	322.75687075648256	2.366878378240544e-14	616.6016351001342	4.029831772381149e-14	950.641416131874
0.12150384743993768	5799.5311410824515	-7.681822317676546e-15	72.13305738962848	2.6606432846450922e-15	-43.280654949968955	42066.0	299.8424257511455	2.2424868538174943e-14	565.5934302880729	3.357237128084471e-14	836.8611347802956
0.12358793676777693	5733.4471879545445	-1.7319388146624632e-14	-25.853763205685787	-7.615490355297753e-15	7.179268505512486	43490.0	328.64225890728636	2.7073954522918378e-14	619.6844689882121	3.840596906713698e-14	936.8963642638269
0.12568460921496086	5641.816937182802	-8.012336006116268e-15	-38.03686532444136	-6.83460348928949e-15	108.16816992966822	45702.0	280.81374260952555	2.7167194145547607e-14	596.1145080663613	3.4557099692528725e-14	858.4322653507222
0.1277861902311609	5567.33054748555	-1.553987773442934e-14	-63.01380011457536	-9.50433181747501e-15	-193.49829764024832	46634.0	298.4979989209501	2.138093168764477e-14	642.9476409868105	2.837542753318666e-14	871.7175674783989
0.12988369935931685	5417.727848991215	-2.0914769237067393e-14	-45.550066631764096	-1.796976518155992e-14	-255.34515572976397	48554.0	266.557833376183	2.2989660232066975e-14	639.6183487631381	3.1820877079210814e-14	856.5923044703788
0.1319589070411333	5305.688538380081	-1.509742706757718e-14	-32.332372410257335	-1.852454779946807e-14	4.737474881403908	48870.0	262.8497106991423	2.341595840851496e-14	695.57327306349	3.900016504064253e-14	938.783940114384
0.13403744728828546	5230.970834797426	-2.6881256782992092e-14	-58.423201772024704	-1.1577306003993915e-14	51.38471880017076	51554.0	256.98106712640015	2.40084470509511e-14	583.2418594518784	3.807056450079345e-14	784.9941032266347
0.13615115228842267	5110.808672286149	-1.38076386666035e-14	55.00726316893015	-2.496715396421677e-15	-89.72186389461666	54090.0	259.17596956836593	2.1489641960030232e-14	568.5276772443783	2.5772613976941488e-14	731.7252255793463
0.1382564432429707	4934.004815756646	-1.0618652821261694e-14	101.2663326161776	1.5991199318459274e-14	107.22845758702492	54314.0	281.1806387431732	2.0733584141264354e-14	621.2296145114578	3.1438452289317404e-14	748.4985949264569
0.14035137161572295	4806.132599858036	-2.7274555713717773e-16	-0.5314229632877749	2.0062044690150715e-14	-33.88032572707023	56910.0	278.13349094683565	1.988787836291426e-14	613.5146062045604	2.752483656516725e-14	749.6946261797456
0.14244284612320735	4690.313446682016	-4.571839241647483e-15	6.306277916587818	1.0349831299003443e-14	89.04901414230207	57482.0	265.22118633261374	2.0475135713627137e-14	657.4470623448116	3.0382744731045066e-14	815.71458298302
0.14454035779251395	4514.850018948337	2.2202559901915495e-15	-4.992849876409041	1.7226544474104095e-14	50.47024086963314	60626.0	245.38082668159225	1.8483592197031148e-14	601.599223946581	2.5547928940920278e-14	656.7059676687093
0.14663929214532168	4380.251670686076	-5.512279765359114e-15	-35.63136218734797	1.2639455014060777e-14	-100.2325853133807	61206.0	276.9966474967463	1.8779875718958947e-14	517.0588846456967	2.777069921349164e-14	701.0228325178908
0.14871604867869329	4200.345698087715	-5.459639988250824e-15	27.886176785841194	7.551331879560813e-15	-222.85087384437406	62570.0	263.97551705068	1.8127217390552356e-14	628.9865631045795	2.7740813969605182e-14	725.5437557879787
0.1508061818142672	4058.4316390985414	-5.788195033549896e-16	55.85164000400949	2.272602538917534e-14	-4.335055217390761	65730.0	240.0747334954376	1.9125947532009205e-14	596.1346824946181	2.943730789345656e-14	689.0389302814098
0.15290505954566141	3941.864828290588	-9.848001791930512e-16	112.32385792294876	2.0343283916523607e-14	25.24788111310563	66686.0	246.17899509735471	1.9128775078559713e-14	596.2345850353526	2.7113454465145428e-14	700.3131531242556
0.15500844482409595	3845.5667048209184	-3.3137371022942905e-15	47.78559504194375	1.8591469622918855e-14	-55.850990401974784	69698.0	222.89666844272702	1.6860719124915528e-14	496.83452110304506	2.656530612309486e-14	768.4856299670859
0.15710459625738382	3771.3313174855884	3.1375554309451537e-15	23.751831267006093	2.0705510535035498e-14	-7.314075201174198	70026.0	241.68125911736524	1.450353417874246e-14	524.1255389215296	2.6172332843940524e-14	746.3824008739138
0.1591933727943052	3649.6154312690815	-4.755462056867712e-16	-36.26467661675556	8.825211687862122e-15	107.22497309372152	72746.0	225.17686893353235	1.7834311276628252e-14	504.60975381488043	2.447255857973799e-14	715.5350587358962
0.16129363465762192	3560.5878879043944	5.591527881033688e-15	2.04396111661133	2.6607133897252478e-14	55.39520798339703	74910.0	246.50382902885187	1.9480784468645272e-14	537.7634265060532	2.907287657288235e-14	650.0305009212036
0.16338330069066714	3464.0990144154403	1.1601672742897313e-14	6.509073572006765	3.363807835771916e-14	1.5224388603932733	75722.0	233.2952340083764	1.650669527535698e-14	521.3670961251898	2.6618224742439e-14	679.8620451846124
0.16546643325032606	3370.4659919317346	3.4461224713829564e-15	37.915322536707166	2.5139297895123458e-14	-48.54368268183395	78378.0	280.8960029987886	1.6296152120134058e-14	618.5179217683526	2.529236138486942e-14	647.0825156093501
0.1675552986733246	3279.304451066287	5.663171476584728e-15	-60.74306796750148	1.8702049622126746e-14	-10.260320023505018	80030.0	255.14206724955534	1.6745751267441473e-14	486.7429402249197	2.3911557232443034e-14	644.0785898703625
0.16965477551444438	3239.3910412183773	3.4368755353000905e-15	-114.91043787177112	2.2453172710879917e-14	28.91825537503307	83186.0	219.1025145134171	1.8696024482345474e-14	501.18939050928395	2.372997476266384e-14	703.1124511482927
0.17175823925991854	3136.857436645518	5.7009735318142225e-15	-23.114567488703727	1.6866317574304098e-14	-72.94572699810958	84666.0	216.3057800950629	1.686078536500729e-14	489.4911165660216	2.1157662616881853e-14	636.5800329133714
0.17385538538974105	3130.3231287909402	1.3787423403521934e-15	14.263693409705224	1.1397031379577878e-14	119.55420818075598	86546.0	215.25869704764258	1.685161958423029e-14	468.5860164264172	2.266348678885398e-14	635.3983347250727
0.1759428749177005	3060.6498082507883	5.156868571406235e-15	47.64090019589022	2.4815193028028117e-14	-118.01169873530006	88134.0	232.47033437212758	1.699123703148926e-14	445.6025641893962	2.1901262300810816e-14	597.8131519391918
0.17803867268749937	3051.8083973791827	8.234895770050803e-15	-20.514046680042583	1.8624793886007096e-14	52.88092665511258	91538.0	224.88121793182566	1.542744020724844e-14	465.8842141022264	2.4927562106661288e-14	629.588972531046
0.18014347150516788	2978.332055953499	5.046509561379581e-15	-4.481790267267462	1.4376044295069118e-14	38.966347077938906	93138.0	223.44115176059177	1.5563645875625847e-14	413.92598036254464	2.239165522454415e-14	647.2193235817947
0.18223255842321823	2931.753127251419	3.3392536461789926e-15	-43.283232448678994	1.6317641682535224e-14	-27.11766055486971	94478.0	217.62570610278917	1.3247936773474681e-14	422.54519441213677	2.241098142939479e-14	669.2517730783009
0.18431984121140957	2917.742730886857	8.030046753790645e-16	-36.09087211548077	1.2274655553381874e-14	-48.3987769874035	97274.0	238.2901942665457	1.3892809834626875e-14	442.7839237656607	2.0967020119268345e-14	683.4018490509379
0.18641466711813712	2885.2593098274865	3.7568254742473076e-15	-23.738937484540735	1.80982609149724e-14	149.39333388572194	99690.0	239.4138447927156	1.4349912715499757e-14	445.76235628733497	2.2499787327038516e-14	710.7605260083951
0.18851818993064448	2844.849726513263	3.260279762600557e-15	14.193883128694724	1.9457117544111866e-14	32.53742189562904	102590.0	222.95850527771157	1.413337896245124e-14	454.542920636777	2.3298830457010682e-14	737.2124659660863
0.19061816615855726	2762.1779420502876	5.9062227947656415e-15	79.74126285902602	2.069881771411173e-14	78.21521416023582	103770.0	191.70388544384642	1.588854082002198e-14	490.24294663651926	2.1864074766527072e-14	652.1845168339455
0.1927075421401721	2735.666457687883	3.791275502393392e-15	10.662403861246704	2.0801777571228942e-14	6.432306655484697	106346.0	232.27202274704842	1.275905985006673e-14	449.41191160568513	2.2831693804546676e-14	696.0377036423391
0.19480182287446776	2722.599574491455	5.12954666875201e-15	3.117611819466562	1.40873474064149e-14	-28.64065490362141	108546.0	213.21216594473842	1.4073796284680627e-14	525.6120936824412	2.2251653746325552e-14	617.7078760107789
0.19688975174994605	2686.639562797313	2.7929831657769145e-15	28.8614477875954	1.1988738823833278e-14	-210.7712950282449	110726.0	201.72085412244007	1.4164304298986832e-14	491.83444808998723	1.99148472748034e-14	535.4069643420364
0.19897199889713765	2568.1369374514966	4.625093966361741e-15	-35.60559886392095	1.2326300504555542e-14	36.47594376969843	112322.0	195.54379394828177	1.3015310641676225e-14	454.8407718204388	1.9755699854863702e-14	583.762291091634
0.2010569471447005	2546.3930493852968	3.375399176245182e-15	25.042797829103538	9.833422383365391e-15	-32.26397530823227	115890.0	199.58330171208172	1.4267924363497664e-14	479.058935836023	1.9477546318171963e-14	588.1998331092302
0.203156266085195	2472.2865291217877	2.858830208995416e-15	-74.03375088718659	1.374400710850503e-14	-73.03696212461317	118766.0	217.4449932049074	1.1514043191103297e-14	426.1126673696908	2.026319615556957e-14	579.0097239949806
0.2052706092735702	2468.5620323618614	8.11212739851453e-15	-14.628404392827365	1.894403191349797e-14	-40.237534076182236	122298.0	235.08752868428843	1.4875943301981117e-14	468.2360981151326	2.1678702937549832e-14	557.4660755207316
0.20736741790518642	2388.036035061148	7.113853725313604e-15	44.3674039684015	1.5431392227102745e-14	3.9040824881951277	122090.0	229.19998429306258	1.460091313268697e-14	461.56942230977944	1.855097615959107e-14	636.1690411100753
0.2094553456508666	2331.490083303007	3.5740242348334104e-15	19.7213975366362	1.456482655662175e-14	29.883046217296886	125810.0	226.65157716511823	1.3374206576677136e-14	450.5019396735749	1.9926017347681496e-14	653.5630800602044
0.2115487153625623	2264.0195940583267	4.292789078585664e-15	-19.46639156948862	7.850553459408972e-15	-30.062437129441673	128190.0	213.55825648791216	1.1231124704847572e-14	506.81852286802854	1.8006500505683865e-14	614.9270238514247
0.21364654350842388	2212.36129049874	5.7849746151961445e-15	65.84170794551629	1.0366298681787627e-14	6.441558277440273	130994.0	231.02351760031516	1.1197592729260471e-14	436.1257561270138	2.1288124875956656e-14	575.7267245947144
0.21574572244793688	2218.40809431764	1.2111204825171867e-15	60.38469139324987	7.090439503404607e-15	-63.28827188616986	133722.0	191.0486992009836	1.1858973755287955e-14	435.7132863087565	2.0748398929952103e-14	576.2492802897079
0.21782557538221642	2113.497241760016	2.6350608583115976e-15	-32.32222225913633	1.0163792630312832e-14	-89.4736943356166	133886.0	205.82948331090518	1.2608036764912629e-14	421.9390436044482	1.816918909440069e-14	567.5916749521984
0.21992122827382063	2027.659612772531	6.624426669600926e-15	-24.2848057886113	1.053470547424302e-14	-161.61578110984536	140538.0	222.8586389726668	1.1473345807790084e-14	415.6602348289252	1.8725175626037396e-14	592.2006709816358
0.222025046849292	2018.2561605965248	7.077069023568162e-15	-43.42002388712623	7.754042005802597e-15	-48.962112050396485	140594.0	210.04144606899166	1.1940531822608023e-14	416.78766183653073	1.8123889905508615e-14	594.4605605744706
0.22411339188337273	1970.6670744140717	4.4436837102382145e-15	10.453036060514219	1.5666096043176254e-14	25.292666313075458	143594.0	221.93113402740602	1.1337151152635028e-14	451.0941099381707	1.9787501546247585e-14	609.9763926835419
0.2262026397278257	1944.143922401303	2.6444457664975666e-15	-69.9920605345139	2.8570743289837796e-15	49.019520885216835	146310.0	198.56702322770906	1.2105808063933343e-14	417.7196724351887	1.8149390962238765e-14	593.5651826169794
0.22830451058192117	1886.0539385860122	6.456552132965247e-15	4.998595942286682	1.10255082087511e-14	59.73425242283156	150650.0	193.9639658119627	1.2276545531991327e-14	424.7495373361995	1.5064114029888907e-14	602.1415644612101
0.2304083592272689	1864.2753961261985	9.178702477632608e-15	-33.36248591957048	1.8057084631066572e-14	26.719705600499143	151914.0	206.0212386262838	1.2857903139810682e-14	468.83534099762943	1.9763578289483893e-14	572.0971988856447
0.23249034210233852	1828.5272759218608	7.0049179608187475e-15	1.6832930545977332	1.3542357733328797e-14	108.81756933631051	153398.0	222.19733238068753	1.2370683805024839e-14	434.1423223689303	1.997963921598154e-14	589.5139937902165
0.23457691220534552	1798.6926884525278	7.577506959427868e-15	-19.808236736063872	9.161874797951029e-15	-158.6830013036385	157866.0	219.63934733104009	1.1283650276718188e-14	353.8348949583158	1.8430561520845242e-14	502.9187521430927
0.2366739243473352	1769.5933041025005	5.275410758649024e-15	63.00410666301049	1.2451968184269115e-14	-19.624841024466413	160658.0	217.59245702095365	1.2334286304283069e-14	470.0456155956223	1.7571403630298772e-14	685.3327206975238
0.23877501979596807	1743.217425924765	1.9682260808378365e-15	5.994866596913941	2.145565299783324e-15	-106.22505190440721	164102.0	216.69045276941762	1.1668012092318297e-14	403.0237907020323	1.989754107946179e-14	581.8080730177949
0.24086697471189877	1737.1364895814702	1.9515224320852187e-15	-7.321720169895047	4.58849108423664e-15	-32.901388599324434	164994.0	213.46656723297772	1.0411605449945409e-14	454.56437989039216	1.8518612913941327e-14	539.188009197741
0.24295721589140443	1717.5966848051914	4.759816840920572e-15	-22.2058709506859	7.192378437101315e-15	-144.47027551672426	169850.0	202.2527407520809	1.2035948770389209e-14	422.32513296098176	1.8983508255311267e-14	546.8170286525354
0.24506264204813352	1679.86495152349	1.9370438211310156e-15	-11.525770662551668	4.1188720332883014e-15	-14.12136980088781	172986.0	198.88850542816525	1.136536525944494e-14	452.6943220096603	1.5303550568216633e-14	602.8710386569567
0.24715616459448875	1630.0184127503117	2.1325981363742426e-15	-16.470969035609766	8.7010347697167e-15	-94.0847852257848	173894.0	193.87621400232766	1.2300279902339342e-14	451.81711632401607	1.6188689248045773e-14	640.3967097004468
0.24923680875048657	1619.9336730088864	2.7930691759288348e-15	-68.39097863813328	6.671066346561674e-15	-95.71110770684221	176778.0	189.97830702155554	1.2336178018286488e-14	472.68384848847387	1.9359668470959662e-14	542.569376923724
0.2513295001440267	1607.9353928374946	4.960983235175025e-15	50.56074590686721	5.4517438106488655e-15	-72.17589326880864	181802.0	212.8165144859597	9.348869356457162e-15	532.9860089303997	1.8741827202032494e-14	574.9607326041612
0.25343048508529653	1627.668091519349	4.1239644028760055e-15	27.572312364339272	3.927364748074459e-15	-100.61181294015772	184430.0	205.14019660674145	1.1094265284369654e-14	463.7207252162993	1.6870985649704807e-14	502.9323916136349
0.25552974003284246	1576.395987677285	8.299550730202343e-15	-58.2941760311262	1.0171321118532086e-14	-12.742998818423384	187242.0	204.2489919381304	1.0962975961494816e-14	475.4495135141376	1.5680677415163e-14	537.7927772679709
0.2576245983098365	1499.5789511326702	4.415325488943363e-15	24.06947577585316	9.308285948664032e-15	-44.60286116156297	190250.0	192.5505710878155	1.1174570543071072e-14	467.5405842960288	1.944408978704253e-14	548.3292068548229
0.2597164635916155	1472.5122984741427	2.0419717058601554e-15	33.42247648673675	7.787652168228796e-15	-74.24842023089353	192570.0	213.53959742109438	1.103807052583517e-14	486.7060271909692	1.891285140574598e-14	602.6488069185843
0.26181718957783273	1535.4138539213102	3.802263387410154e-15	-16.25517894881922	1.2497375083125176e-15	14.710570091492736	198254.0	230.31803522608558	1.0405865934964981e-14	434.41705028125267	1.904416156995091e-14	625.6565812297969
0.2639136507582234	1457.110207427948	-4.295548968715775e-16	-20.901492360496377	5.768971322705514e-16	-66.80094858093193	198074.0	230.26722256268158	1.0714008825205106e-14	462.41290919612277	1.9931713050110623e-14	600.1764457659195
0.2659980051593398	1455.281444299546	3.8024012750360945e-15	-34.79945479413363	2.815947414769667e-15	-31.97135890237537	202050.0	228.02591690748886	1.0899322750694286e-14	426.9006730221204	1.783740276543633e-14	562.894887229782
0.26808572042998563	1419.1168239726042	3.2138213644403044e-15	-28.05453384000098	3.0172063779922987e-15	-125.68048939594473	205502.0	191.16568394553704	1.1583949634391846e-14	446.3089707913973	1.7665381167051142e-14	653.8983788177796
0.27018730748700454	1362.6809001791696	2.5774683849189118e-15	-16.245634071935033	-8.728034363547085e-16	-72.3974266709748	210666.0	207.32792434214127	1.0584049082896882e-14	438.1225666091691	2.0895139172181043e-14	562.0275467821426
0.2722880547425607	1402.158531796688	3.833476964321935e-15	43.518252348377644	6.707203946323866e-15	-4.297983433082229	212426.0	202.58253173342527	1.1313803042828798e-14	469.9893947781746	1.6226582684995724e-14	689.8475202084353
0.27437521596173836	1344.388696328784	3.1300771085965213e-15	31.186238633464395	1.9207338901439202e-15	-33.99008014072765	213918.0	240.7304244575897	1.1580009923058473e-14	435.72041588655736	1.4940981421718635e-14	611.2776375476158
0.2764703503950437	1312.239407433046	4.194525886320721e-15	-28.661202789231137	5.692732713434811e-15	-28.738510512272168	220994.0	193.59480984556524	9.422762844110385e-15	438.85948522405545	1.7042708304492848e-14	545.5926424066412
0.2785704488769453	1339.7567910104854	2.192666349008474e-15	88.29489970152456	2.3805478343850202e-15	29.772324546070866	221522.0	222.94074003251697	1.272327290105227e-14	456.52114252183367	1.9980202675903848e-14	562.3834412578324
0.28066492543713184	1255.38538470728	-2.5871948363141684e-16	11.30062117860006	-7.0172864730177566e-15	15.597927048774295	226314.0	198.26475097582318	9.971836528788199e-15	445.5736346252241	1.7031038559401927e-14	571.9091017567188
0.28275310350000704	1245.1612682574662	-2.1880377038269737e-15	-22.018782066885848	-4.630176009232228e-15	-120.82181084358913	227294.0	210.39237383095116	1.0018563638388328e-14	449.0175568859668	1.6029982556799066e-14	531.2917963343748
0.28484336224216883	1219.4336904539584	2.789897274493439e-15	-47.31547965596112	-4.138818776229695e-15	-66.38439488417325	232962.0	202.33008000799083	1.0342744557282835e-14	434.56185543220363	1.7297987119490303e-14	564.9136880289473
0.286947838858037	1212.2822559841193	2.4262567678615625e-15	66.17039963366997	-2.115718627776083e-16	0.7767964310179736	237818.0	208.60698633323537	9.024617104412245e-15	477.36485080186975	2.0129563960588593e-14	509.146693875965
0.2890464370692696	1198.6220270553133	-6.844401083445187e-16	-53.853631095987886	8.394915868191488e-16	8.528269806406744	238398.0	235.26302030717542	1.087111884376987e-14	361.6423026876227	1.8126285940203574e-14	528.3688899858046
0.2911315944952805	1161.880971679154	1.0307749104190509e-15	35.00472376213986	-8.176361944436721e-16	12.035881723711348	241418.0	246.00045914790962	9.360803632057639e-15	421.9477097117805	1.61806464491787e-14	624.3109615027018
0.29322153174035864	1176.6733732822183	-1.8784608154351665e-15	-84.76403013766293	-8.316116714312925e-15	-69.24901975835543	246818.0	200.69386776006291	1.1654216922608221e-14	461.6029096709375	1.9318298419770795e-14	557.2744822779533
0.29531882742196724	1120.5958716338907	-5.244985924783232e-16	58.45726392393457	-4.454454605853904e-15	-70.9664586812612	249906.0	223.3881025128161	1.1860813963188402e-14	451.98736556284337	1.8495685801240333e-14	658.7972901881641
0.29741782184837046	1123.4824502778333	3.3266643400395313e-15	50.69321830874111	3.519283370404284e-15	-48.53428908467061	254702.0	207.85685868376342	9.38553814496187e-15	390.43091580308345	1.6470889726314146e-14	676.9104257314409
0.29950725283489293	1102.579277087168	2.3933070677527104e-15	2.319880000152464	-1.3528704208307855e-15	-186.91617451132012	254418.0	238.32185498358209	1.0760451250844623e-14	474.4565209582985	1.7151545316622824e-14	606.9644073626021
0.30159148825515353	1090.506957898085	2.4277569454333315e-15	-13.382964260554138	-1.8120804466725413e-15	-120.74332261110872	260354.0	213.5377451530426	1.0929001488187006e-14	491.8661908234432	1.47238769196937e-14	539.6529231721731
0.303687017237551	1064.1781641897808	-1.7163737981464652e-15	47.73018339557312	-6.418863942923701e-15	5.780785639994512	264974.0	199.57116491472493	1.1214249418421737e-14	410.0291438636123	1.8375713895973034e-14	640.8062623032991
0.30578839183029116	1082.9536599196406	-1.4419947202035945e-15	20.242034624980374	-3.2254436991310483e-15	-50.65973220013137	268722.0	228.0309273557099	1.0486781864837128e-14	480.04021105983895	1.9837418586541836e-14	636.6943593352577
0.30788549008276433	1043.7205120173394	-2.2961660049499104e-15	44.4775050271479	-1.1720061434824605e-14	-34.64784472179954	271562.0	231.5946388020078	1.1907625599572803e-14	370.7388739839389	1.7269751388148156e-14	646.353929028083
0.30998159194508096	1021.9266328530125	-9.642589062651136e-16	-30.961010812211615	-2.6128009590260735e-15	-101.22510544754746	275586.0	252.6568407433046	1.020382619402937e-14	434.1697650990728	1.870467659387283e-14	633.4036800575338
0.31208149304618216	1025.1002960868398	-2.1439253295204114e-15	0.9979901604628532	-6.420549439052804e-15	-101.34394964659339	280190.0	226.13407129685808	1.0224357376174775e-14	458.15489413457055	1.5700669706604663e-14	677.7705588146022
0.3141796608475148	1002.3595819782313	-2.249062691913103e-15	23.272513360636157	-3.576228667899688e-15	-58.27007442006528	282834.0	239.00218758230633	1.0634967641188913e-14	474.48284608566894	1.881600318191107e-14	647.2575935505802
0.31627053823306317	1015.2163582535139	-4.400430710583491e-16	-52.03312028208585	-7.367781563500665e-15	-26.00892344731247	285170.0	211.00615556417588	1.1339687623375215e-14	443.1462995595167	1.9619213048465073e-14	600.3425596120675
0.3183571361527939	987.3885741486636	-4.240070145878655e-15	-34.614073533295254	-9.720104521575564e-15	-51.810722541982734	289886.0	236.95855820077074	1.2003587835826546e-14	535.9977812723534	1.830670978014135e-14	648.211360745134
0.3204517453432118	979.7502922062523	9.853126506125327e-16	-48.0082455512119	-4.305699977788947e-15	5.050352308874202	294474.0	273.45478947435754	1.1467799354830385e-14	455.50352693901584	1.907515596147854e-14	616.2848363615493
0.3225516106039077	905.4769692563741	4.663728073026136e-16	-13.959064947021876	-2.410660744948075e-15	-4.487152931940071	299498.0	228.79990270657996	1.1819757581205783e-14	545.2421264665343	1.6402312247876027e-14	720.3802200710186
0.3246439874381804	939.4534444133784	8.72407635609002e-16	-83.1482325313009	1.1853150479328527e-15	-141.40065664695277	299958.0	218.21186865495355	1.1260581763221585e-14	508.5419092784338	1.9532290837841797e-14	646.8084441296963
0.3267329670798588	905.2084066876296	-1.4332318484494439e-15	45.95715853805203	-6.5179961932450185e-15	-107.79455355583598	305858.0	256.9033848376635	1.1010378434184147e-14	466.5136783584638	1.8100601952000905e-14	662.14686038031
0.3288295442562379	893.0356425855088	-2.0873438215245003e-15	-66.13112673872365	-8.205144805951497e-15	-20.807746755904905	310794.0	250.21286171972784	1.1043270373781975e-14	458.0916959743953	1.8550033522174284e-14	646.6397925956886
0.33092645486675915	889.779930542375	-4.74988360605823e-15	-39.986346236999346	-1.4784734135405104e-14	-88.2277873540477	313082.0	223.52659844043924	1.1805653004419629e-14	542.660839758573	1.8842054516651845e-14	668.9835568905404
0.33301202944540276	852.152977247806	-2.442885810238846e-15	72.14985724876298	-8.24266649229682e-15	-166.69191845025958	316046.0	254.40816667913	1.1684300720527831e-14	550.8099136230024	1.7270933097834395e-14	654.2859496305501
0.3351033811931122	880.5548956847799	-2.744011422657592e-15	20.74693966990585	-9.18977243999076e-15	-89.51402560950099	322218.0	229.49367327969588	8.930669372412364e-15	464.35769532814317	1.5345314439976445e-14	667.2579941015923
0.33720859310991436	824.7951409885765	-2.865384962240585e-15	-5.15367542068797	-7.437220592357656e-15	13.366791061646387	328562.0	261.3946134957603	1.0714662793276863e-14	520.4142003122683	1.8345284953663234e-14	643.8017152816465
0.33930591241744085	817.3822368218956	7.250685819044754e-16	-110.80788547172855	-3.2423060867091282e-15	-53.388004099094005	327990.0	234.85460565033054	9.5739423130048e-15	511.5677089361942	1.8996509143831007e-14	685.6901560646376
0.34139922040524007	832.9778977583155	-5.481021997028771e-16	26.917592709838235	-3.5021233058827673e-15	49.314379131386495	335282.0	260.5529602590537	1.3527474866762836e-14	477.7463415328281	2.0979474604194436e-14	649.9696902459881
0.34349084860971135	758.5375174868163	1.0318401423392733e-15	-7.408833142344929	-3.76207771426925e-15	-82.71008419202701	335970.0	262.63911068145734	1.0810767734223647e-14	497.46417539184307	1.9636330535516307e-14	695.6336698342311
0.34558591610222683	790.8558551534444	-3.315290491538096e-15	55.603481664358206	-1.1554352383274327e-14	-41.696501870769026	344066.0	256.3451948199978	1.1565710041822454e-14	500.53328699795935	1.862090019841007e-14	780.5677146032297
0.3476777772421155	762.3544164278168	-3.605677975287179e-15	-58.236667413905714	-1.3584564105172772e-14	-159.42869049893778	343718.0	279.18423670795505	1.1127317189323158e-14	513.5972527811372	1.9248979193205245e-14	724.3129560403331
0.34976721832776586	740.8850425975713	-7.66875282267014e-15	-33.35008224530923	-1.5715139818806917e-14	-152.4034439078121	351498.0	257.46453703829906	1.1171421067592393e-14	599.9149579442945	1.676669169913091e-14	634.5099699761464
0.351864343557772	763.1390515735853	-2.3888794731804024e-15	-23.990713150486098	-1.2618620878197167e-14	-73.02928302676364	354458.0	271.1954952600149	1.2955739630253252e-14	506.4621844770316	1.6678518631114255e-14	672.5679414814757
0.35395714136271883	753.0524331483546	-4.120416134405606e-15	-54.08077126895443	-8.766426887996287e-15	27.586134665169524	358566.0	271.56591094280816	1.1630327027887968e-14	597.9258476390729	2.0718677136750436e-14	730.7541499665023
0.3560593236004948	764.1354557044593	-4.991713164088987e-15	100.09147162619846	-1.3646691881231126e-14	2.303923029511208	366122.0	265.4802746718483	1.1295583599759463e-14	587.2590511790519	1.9489608467482262e-14	709.4952211164585
0.35815671744303396	728.4441089900279	-7.073821010066105e-15	-53.35765373141212	-1.0985216928898138e-14	-115.71847046144629	365810.0	262.7270831639021	1.2646710210177485e-14	528.443922385061	2.0399606279436812e-14	805.0265665924054
0.3602456749901394	685.6064909635114	-6.0246904484705995e-15	-63.51632256692177	-1.438718932488238e-14	80.14924608103296	371622.0	305.2776938675672	1.0851391109778061e-14	540.3748897573183	2.0695923875588114e-14	647.1403438723311
0.3623401528562886	705.4410088570608	-6.80212988025296e-16	45.52239411730887	-8.747161166435092e-15	-148.91335869195572	375986.0	294.8870498666143	1.5342039442236064e-14	584.2158446336467	2.002289794639725e-14	719.2075072069446
0.36443814488667714	658.6958385826603	-1.9044643642823182e-15	-85.96148335502915	-1.8655366155697254e-15	-60.308089955358774	382170.0	306.22905541097435	1.1994621953311116e-14	597.4647635299131	1.905759377863314e-14	751.2013245180158
0.3665292802552212	669.5565461550235	-4.302330317845853e-15	-72.82390104294531	-1.058678364216524e-14	-16.78510983325397	381818.0	291.3763381282489	1.3152756167225995e-14	566.125400144767	2.1399709519880435e-14	839.1011814945936
0.3686158108380582	682.8471234534143	-5.0144672514407875e-15	106.88305901100686	-1.0969927945656025e-14	18.447487260047986	389574.0	290.20125759572517	1.367996400686105e-14	538.3580099313601	2.0884820909866367e-14	810.1180429656738
0.3707114168823465	653.0602993269314	-5.860994747548272e-15	-18.79809301461085	-8.625510672799752e-15	-92.98461165020737	393698.0	262.5081610939406	1.3154997065908982e-14	520.6508722052156	2.047930544674211e-14	779.6452872811158
0.3728094494920944	662.2038569010869	-7.253688492378735e-15	129.183385510279	-1.2690542779539125e-14	104.0379148735588	399458.0	287.43405133810944	1.2517612616809784e-14	520.8400392509254	2.2445296890913754e-14	655.4328929182695
0.37490520593778603	612.8496063336252	-7.615265559453683e-15	-7.2352540926617515	-2.2177297174156636e-14	-219.52068280639324	402222.0	288.78489776100076	1.3559554742583924e-14	607.6662742930808	2.0026271238828586e-14	731.4447710784773
0.3769986984086737	663.4952137431474	-7.22772269248722e-15	-61.91381662426283	-1.3833341001719916e-14	-35.461480443560596	406922.0	324.5105952364562	1.2659626505977728e-14	587.6793041460218	2.0833673088254858e-14	802.3113220843273
0.3790948093112029	564.4825328604114	-8.629778166477704e-15	17.850852876877926	-1.6511214166535924e-14	-73.28820164858013	412842.0	300.5016346265369	1.3648721259059421e-14	644.0076492634047	1.877483251803762e-14	787.0472824101515
0.3811904196324632	565.7880076155013	-6.23220000539652e-15	-8.266676517959798	-1.3759337835647288e-14	2.653950668540783	415346.0	278.6969305856087	1.3683236964168241e-14	615.4736905228924	1.853204251998892e-14	788.3364696751061
0.38328254569607956	587.9260973885014	-6.91714965119052e-15	2.1769950426370115	-1.597831053297627e-14	10.543483137615455	421182.0	294.01701544033057	1.3180239719507729e-14	545.7012889524947	2.4927507060026914e-14	781.0940727250762
0.3853768048451913	625.4554114636682	-8.944693907984337e-15	60.42468675190672	-1.9532878299930324e-14	-184.18275217639766	425018.0	310.7077890907833	1.3917404974088556e-14	580.7768694016091	1.9782704937665777e-14	830.9426694002086
0.38747310879174657	560.0884389202297	-8.931198243417197e-15	-26.774509235491255	-1.77546912170539e-14	-224.89671852436229	431138.0	323.73751049563543	1.128515219056135e-14	659.494517007045	2.0603267635371798e-14	842.5941731239775
0.38956847242602344	543.2848670114172	-5.49399521234431e-15	-89.14422879268855	-1.2459191425930693e-14	-77.93890256129464	434382.0	315.15544793372953	1.3773991441314227e-14	648.7164169720638	2.0469882157862773e-14	846.6931822582393
0.3916629057081188	535.673077127457	-5.4233923262053956e-15	-27.483072631730078	-1.33898370408745e-14	-111.48754100762177	439514.0	273.6245168579062	1.5319271518443044e-14	583.1653479103644	2.3869974520125033e-14	823.9201924984512
0.393757983220179	575.987928423211	-9.115221128763115e-15	14.520059693144287	-1.4675681422054735e-14	-172.9911005727122	444738.0	342.2267693023283	1.4419054357688615e-14	580.1055132800434	2.3901592683159083e-14	845.0703479273199
0.3958542107026194	551.7797166637893	-8.878274044620853e-15	-117.90822490159717	-1.959133799395796e-14	-56.22692631502281	448910.0	342.6653025092816	1.3767092803258316e-14	667.6602248380933	2.172259800558366e-14	764.4820750218535
0.3979410613100287	562.5931375447949	-1.2351689660699665e-14	29.385580696783137	-2.5529056241205495e-14	-54.49479721343554	450618.0	343.6146447447069	1.3058319573928229e-14	563.9273484588537	2.1170238248739053e-14	764.8347882508167
0.400031222268962	517.9559482773769	-1.053944774354781e-14	-31.857986678235434	-2.499457880128611e-14	-75.65787372144727	459554.0	326.5302736950791	1.5718889465419038e-14	644.4078029817002	2.371670226324878e-14	837.9406671309321
0.40212821855496034	501.49532621126644	-8.653026479561025e-15	-40.370271725505916	-1.4361489807384254e-14	-97.40183177299507	463106.0	293.40046863545507	1.3120089102798902e-14	726.8664239738916	2.100016506340623e-14	944.512928055569
0.4042192291566213	540.3211584264897	-8.608956895227518e-15	-83.85982928381078	-1.2880753939878464e-14	-86.21349799658272	467094.0	326.22115752216007	1.4847794494867514e-14	656.6974832125335	2.5132497632193862e-14	905.6929077250319
0.40631667801378574	467.9980190952913	-3.876932663037188e-15	16.575203021016968	-1.3524864714246462e-15	-89.09651919414578	474938.0	331.51452698269827	1.4412551114241044e-14	697.7740314280484	2.7463874899648885e-14	877.3188635838518
0.40841358559262536	495.9608919197097	-1.0679320395172191e-15	141.77384053349255	3.450927158718494e-15	-90.63008654719253	477186.0	329.8636021028798	1.4506933941642187e-14	711.8712366508935	2.183220977606831e-14	919.2529514053614
0.4105107377095842	507.63063805033096	-1.0545540027876708e-15	-107.44743676444646	-4.831611533229412e-16	-187.29693214887124	484670.0	359.1773456666141	1.3450673042065046e-14	743.4802247941934	2.4462435707862666e-14	882.0827419831164
0.41260769511212964	461.7063024174905	-2.751975068124812e-15	10.450682811251655	-2.570878117020141e-16	-153.00350600462517	487010.0	342.82827955970424	1.3380662382986505e-14	798.4635197323697	2.4980680233866252e-14	944.4868394255377
0.4147015326763686	448.105574844172	-2.5233234274792616e-15	64.52662191071268	-9.433050155071483e-16	-73.78584194279888	493314.0	319.61297747986345	1.311413197560701e-14	682.1307218456766	2.6266944352057495e-14	942.4831585320418
0.4167952953148375	439.97781622684766	-5.1939519001862055e-15	-39.963476014572855	-5.909705745744188e-15	-52.49309017712982	496322.0	386.2604962479221	1.3752133618181353e-14	696.4438910311682	2.2656426666276544e-14	957.4327021653821
0.4188842397803977	481.5009786637767	-2.9789016169637725e-16	17.36547993376446	1.7403053839384669e-15	-152.29430610925036	501702.0	337.30506102197364	1.538312781823158e-14	675.6764899353959	2.1066465474331284e-14	975.5550597890781
0.4209783533233601	454.9270869148936	1.6278811564415718e-15	-13.758953846168572	4.139942830901264e-15	10.50803086659099	508562.0	337.6523127180306	1.446019578741119e-14	678.2079360955237	2.5964398800619973e-14	941.3851492922479
0.4230778150374639	431.5596749762421	3.512356595973795e-15	-85.44743663487162	4.794460317565169e-15	-131.65402492411988	514242.0	433.3063157820076	1.4192749121457232e-14	756.8050309279788	2.5704557171110062e-14	1069.6492398685402
0.42517152709832173	467.6008581025365	1.9687936210052627e-15	18.002934256820062	1.1555185246643891e-14	-152.53494824651614	516158.0	331.2496273142567	1.5359680022845025e-14	766.2545351011087	2.469460916109094e-14	986.9153850639791
0.4272622791999099	364.23746739563126	-2.408277040087077e-15	24.619812017021033	7.998420194084457e-16	-275.3350156026569	522602.0	408.348106107568	1.346830051009661e-14	747.9417276666699	2.618621288051142e-14	1087.7231375780175
0.42935980929285517	397.7749556376526	5.119880336473071e-15	43.89114021881066	1.452060476350525e-14	-84.0719333445013	530658.0	402.57627547612384	1.5014191529272066e-14	710.9846994726346	2.138358066575295e-14	1120.56258433977
0.4314537050668058	398.71164736416245	6.8622154024276695e-15	34.558836582765295	1.3760533525749338e-14	46.80023852325135	530042.0	355.2422728658028	1.5655385690745242e-14	716.211391116288	2.8793116796325344e-14	1044.2295496929737
0.43354262987550957	370.36479182431833	3.2916818081071266e-15	92.66044150758418	1.1264845851553555e-14	-209.08481840163134	538878.0	384.9117200717045	1.4906486049744055e-14	743.7741056930947	2.7940823868542375e-14	955.0270571698888
0.43563820294805433	377.9917926764389	5.782859288482236e-15	-27.607117968317606	1.4473377729751335e-14	-132.55736466334645	544130.0	388.10032269633535	1.5421636307871924e-14	709.8850418919326	2.493630389666711e-14	947.6793073878789
0.43773811102942584	395.727204684336	4.145884929085081e-15	18.13704397300633	1.3722096783213707e-14	-33.70502028642938	551106.0	359.85282636202925	1.5458889460197587e-14	909.6689177710093	2.7356323147156387e-14	951.1484807851269
0.4398353804298099	404.5375875293085	5.867921810270722e-16	79.30363823298802	1.0266161206365412e-14	-90.49622368839444	553982.0	433.4903464873009	1.3501599681568745e-14	787.3916846323607	2.4532589869341295e-14	1126.598958098472
0.44192809813891515	395.13139348527517	-5.355102337111803e-16	-72.65388559243121	3.0523327306683773e-15	-295.4548329102128	558242.0	409.7075139145008	1.8277995541648946e-14	765.1766928925562	2.7268934093549314e-14	1017.9208353508419
0.44401907492719583	332.84632850894917	4.302953677700349e-15	-274.2983134122543	1.2038471778130656e-14	-239.14848099385762	564546.0	371.60936994284833	1.8229283218963684e-14	863.2135355953845	3.230491509849169e-14	1036.5300234859785
0.44611350315747617	348.90830883163426	4.826990116205101e-15	-63.98129881026694	1.238711593439553e-14	-297.42833191325013	570494.0	421.10314047328467	1.806210937900446e-14	842.080419684585	2.6409013236228638e-14	1135.591084440017
0.44821126611811224	367.4863806562126	2.1100579146981998e-15	-111.1284350761942	1.2837137700757444e-14	-265.26484766566347	576762.0	433.6268236620087	1.8930190577603303e-14	984.511831421678	2.545453048888447e-14	1186.4074866015549
0.45030248279419327	297.7848771667882	3.094487853649581e-15	209.45433242167684	1.546061871153827e-14	-116.03403776220166	578234.0	437.13765597541493	1.625605630308706e-14	837.5256145030993	2.7528736154977926e-14	1088.5632376566405
0.45239181614020907	357.5527841084988	3.891042438476561e-15	-68.58649587576666	5.568105719762444e-15	-101.86076620080895	585666.0	419.233635332386	1.6008099176042425e-14	867.8502127196908	3.196902261548503e-14	1050.3781124520926
0.4544890346882619	278.66666977744546	3.8257431752832704e-15	-23.584803771095363	1.2922338189410846e-14	-244.12723095648798	594446.0	441.170373908482	1.857002711753783e-14	849.9398775964266	3.2885358228642147e-14	1171.7087933573196
0.456585216147401	349.28763108049657	9.613938219425506e-15	-44.69180837271804	1.8555679278154858e-14	23.037819579784905	595250.0	413.7899506779667	1.706022616308083e-14	869.3810552308071	2.8437412411864e-14	1191.2127065731465
0.45867738260409396	300.43239401603836	7.280831776202533e-15	121.57446248326318	2.014450709093165e-14	-223.31931190879553	603402.0	474.09867778014916	2.043448233016225e-14	853.5186130800031	3.325365509164417e-14	1248.3438880678077
0.46077126751930486	289.72330467856034	9.308783886463186e-15	4.915075007024308	2.5699418664963315e-14	-205.3565244974969	607382.0	467.7841075983011	1.8649599702701278e-14	875.6014807942236	3.4027768595384595e-14	1198.7681037257746
0.4628700066996915	323.1818799031038	5.517647560496638e-15	-22.958987930243374	1.3222659222093459e-14	-108.66819843284208	617010.0	505.8268908100586	1.8813404634299388e-14	902.668729391497	3.3617889193161915e-14	1340.1815723289665
0.4649651542939671	366.98192186323786	1.829169375270591e-16	2.150449400882144	5.389543860881867e-15	-273.3910440941148	616778.0	581.6772911927249	1.844083071529984e-14	986.0375140249315	3.4072491885992907e-14	1211.3662241690236
0.46705540142808394	265.4332818889454	4.756346307807031e-15	-104.14092579877025	8.232685281580914e-15	-353.4196974183549	624746.0	506.4122985502925	1.8473056311518058e-14	970.6718684222392	2.9904875110978824e-14	1215.2913338447875
0.4691447986162664	233.42527500076918	4.129304050220355e-15	26.406529643348065	1.2264316137009272e-14	-76.756844213254	628062.0	500.0230294980337	1.6279763282437848e-14	951.4002101189635	3.299924557127718e-14	1364.1068160025657
0.47124096432230705	251.56519384163795	4.078023001017495e-15	72.7270902638211	1.4629669350392598e-14	-210.33953391842522	639410.0	503.3354836494629	1.9651282240605873e-14	1012.8978862883691	3.307111314218812e-14	1326.6157414711254
0.473342479383577	300.6282172959758	7.262412383860515e-15	159.93486206543386	2.4426363942332565e-14	-3.0196446523487066	642954.0	525.2309572605518	1.7675348912785622e-14	982.2830521365513	3.6638531976907114e-14	1286.0271157048155
0.4754357028575096	276.07612492506456	1.1220208467201045e-14	-60.17199989454187	1.9274105847851913e-14	138.15353124306475	645974.0	560.8515308455088	1.826750034051673e-14	1101.2911424130305	3.5849358412270904e-14	1353.2458115169918
0.47752814754178546	291.0513284486239	5.578063046449667e-15	32.522263179007844	2.2448849090713483e-14	-265.04854574339566	653490.0	572.203279784456	2.0751317987302087e-14	1116.5287896822185	3.204285551365618e-14	1441.6149975246628
0.4796256471936639	251.21637662839333	5.887939568476652e-15	153.3638483172313	1.8566181439740455e-14	43.85057718146114	660746.0	557.1002755696251	2.0763368729624624e-14	1035.7321341533664	3.7520424193615604e-14	1349.0222405818658
0.48172253897996287	213.75403599670864	6.251868967684754e-15	59.34039501164863	1.3304417039324494e-14	-116.11375364288128	664646.0	619.2390071512895	2.2272290864481737e-14	1043.3793471901429	3.4255432307494705e-14	1321.9513864692226
0.48381151293993485	173.34878055049137	-7.350852750246443e-16	73.08312686519862	7.966321436855128e-15	-206.54560619447955	667290.0	628.73087659343	2.0897725924247357e-14	1106.5758976807356	4.27037159757693e-14	1403.036288027414
0.4859047007743125	189.3455609225245	6.682621618951092e-15	45.62971655234973	1.4115884238544676e-14	-71.36875656835471	679034.0	563.2196659632045	2.298833699393776e-14	1071.556632389328	3.794526377788507e-14	1546.1808879309092
0.4880045536910571	234.64766192516333	6.505744101982519e-15	-121.99532161369812	2.2635202578411002e-14	-167.19040398060986	682722.0	540.4261825681677	2.2148364891454017e-14	1083.4506982543255	3.701035931250075e-14	1332.5038720324774
0.49010377790193255	200.8803290011355	6.598199798250261e-15	137.14113327260344	8.596670930595477e-15	-269.7145656342442	691238.0	563.6944444724386	2.2886182210401172e-14	1194.4774866630935	3.407550848350837e-14	1417.076409498942
0.4921950422577814	174.40466836251892	1.2041925270329651e-14	-135.6632568010299	2.0145870321972588e-14	-18.778755024923257	688602.0	517.261934571332	2.4442734945591927e-14	1224.09277606829	4.201160047617926e-14	1502.0823003343012
0.49428252543570406	181.00420964813358	1.7141601453486803e-15	93.11716292901814	4.509610969345577e-15	-298.4338839771743	700826.0	558.3310520644225	2.317190563693602e-14	1315.326011335238	3.745971022128064e-14	1474.3321901456973
0.4963780716745103	183.84718133777795	1.1101234441828668e-14	27.843377656660383	2.7479333965860542e-14	-265.97478433423976	705662.0	585.2884870232326	2.341877886984178e-14	1139.0228529893393	3.9231802273575016e-14	1538.2106991358503
0.4984700155471706	217.64971205096788	1.1486512739809686e-14	-82.08012235948244	4.0135419910799374e-14	-155.14200043113783	710082.0	692.6190311579744	2.553118490474872e-14	1200.128831484637	3.8699802523117836e-14	1511.4185645775387
0.5005629197057143	124.53873838840639	1.2389155530382609e-14	21.38543714605493	3.923029906206968e-14	-352.80380122816297	719162.0	550.2029670826255	2.2087382429170544e-14	1131.6312828693872	4.0957202113968807e-14	1414.26818447521
0.5026577270006046	166.46965408400098	9.890152344700993e-15	143.10196879321646	2.3901388684921666e-14	-479.1107754050128	722250.0	742.9529203978152	2.5279366443228108e-14	1302.5849440187365	3.5879583361597355e-14	1385.0028954262757
0.5047518476887501	128.48899159171825	1.0550363442408907e-14	-48.77287110935397	2.319855605538257e-14	-297.23013638231106	731510.0	693.3502214512876	2.3768679870816438e-14	1329.0616238433615	4.0794896223867067e-14	1797.7282514184321
0.5068495365362307	92.29992697983538	6.3161076845571355e-15	24.017820580224196	1.4787402223346272e-14	-317.8492179432604	736442.0	664.9492503767592	2.2496966952976818e-14	1359.4471652975337	3.6903937282806455e-14	1745.8177901946406
0.5089429063346701	169.93772494993925	-4.3135080150397717e-16	-177.6946945641847	3.7777660685884444e-15	33.89113192951424	740898.0	662.2764922189592	2.6620129210205907e-14	1213.3198461692198	4.055142208044372e-14	1923.9789723653605
0.5110381283357135	219.81895793610548	1.348316388136549e-14	146.39234629813427	1.9409024301737285e-14	-488.07582696969473	750158.0	678.3147816001552	2.5800866654145364e-14	1354.0758155281544	3.7326003274050673e-14	1737.139887857143
0.5131369218709732	217.14954685049528	7.306365027441688e-15	-43.198553475372464	1.2063726064798175e-14	-371.39487681761125	754866.0	794.9696023822895	2.4815267119417504e-14	1412.367392796676	4.477036120857931e-14	1866.5191731405032
0.5152316029843532	72.00965042109348	1.3669741965893186e-14	-313.93207800201196	2.5652600006073846e-14	-131.91877416610882	760826.0	643.5496713872279	2.2665927464451754e-14	1477.5084483504104	4.418777980925272e-14	1617.7150215452712
0.5173233050903651	75.18318289095626	1.1402583587705164e-14	-223.66725202949146	9.07586272546425e-15	-206.65866566596404	764034.0	723.5527976732739	2.965957493620587e-14	1438.5557960340313	4.879895979934243e-14	1603.3713554119468
0.5194152249022146	193.979028347445	-1.7507285225096582e-15	125.51050751143474	4.601513921113256e-15	126.86160669892851	773846.0	831.3411242180335	2.7068506193050905e-14	1415.77067444399	4.376997573360549e-14	1853.1329281116784
0.5215115987032525	42.273812830875016	1.5633367327019895e-14	183.58979600229588	2.6578398726973903e-14	-274.4917168125414	779714.0	652.5926627770081	3.2926204451965284e-14	1498.6945156447234	4.615212291086356e-14	1991.8256923367435
0.523605645679346	197.66607770557187	1.0616047393684719e-14	-224.68948005951867	2.7392383629383103e-14	41.27737849284213	784314.0	713.724183074346	2.906710105880913e-14	1539.8234994904985	5.5159657875004346e-14	2245.669650585108
0.5256976825081559	-7.807264870073743	1.229171099160208e-14	-108.16341435488005	2.660614437041265e-14	236.01829487252996	791342.0	845.3756198846877	3.6948501641331895e-14	1325.9113374473766	4.8380079060358496e-14	1984.2466887902203
0.5277937638257132	80.03548126866039	9.187850040509729e-15	76.57115294634863	2.5490190488702566e-14	-442.68808367273743	799458.0	752.7605561336741	3.1508011328381964e-14	1553.9919157885756	4.944202907252213e-14	1849.543488564126
0.5298904113837739	58.76843835085042	6.965065852351223e-15	21.292349170887455	1.7993544986247296e-14	-180.49932095991605	804962.0	807.6327998964687	2.7487544462400363e-14	1589.8476239214183	5.535517985256966e-14	1996.4691452469172
0.5319842612101567	123.72048926867171	-2.834172151962211e-16	-161.84028279719536	1.664742326589119e-15	-182.3236469661348	809550.0	771.3323451029544	3.1681899679779506e-14	1467.7583732684736	5.068272439880679e-14	2095.7430976873616
0.5340724229106822	173.46448875954684	1.3600561227069476e-15	-226.41950439472424	1.0344112352556928e-14	81.03353860729872	813458.0	816.3673345633023	3.0728295332999686e-14	1668.4179743803745	5.5397249108185e-14	2164.812392939492
