0.0	7360.495473250998	NaN	NaN	NaN	NaN	1.0	61472.923381537745	NaN	NaN	NaN	NaN
0.002672746339979227	11645.815919447385	1.1661451478397204e-13	-857.6777714060497	-1.4904723072092775e-13	1010.1212911516143	18.0	14468.683042638919	5.260945863102731e-12	30931.425020699055	1.0087306660649944e-11	33594.394632363204
0.004672183071752521	20368.051645959047	3.9595449095663295e-13	-1257.1777244047482	9.130146866530412e-13	-1958.7746824163519	62.0	9523.534333675745	2.1588404233410077e-12	23265.283549846976	3.7151621854697835e-12	27619.124933823332
0.006564167585221056	25709.166867446726	4.054975598349123e-13	-594.3636158555288	-8.502099321292868e-15	-611.3393776547468	98.0	8562.380041323177	1.4775107612999627e-12	18133.879709008685	2.7454986760147042e-12	18868.874242230824
0.008504458441081823	28418.55689789332	-6.853627692637848e-13	184.25360167561016	1.798326842172383e-13	-56.440205772502416	210.0	6223.2406930672	1.3112553427636424e-12	11894.806253630917	1.8791567182873138e-12	17776.3321483989
0.010676353141326825	31315.692995772264	-1.3901888360028612e-13	-2190.44746088026	-3.756105822946499e-13	-768.2681215517491	350.0	5455.1211153857075	6.719048387484091e-13	10235.244961051621	1.14559599139112e-12	13638.494410578689
0.012821736464951864	32709.167568759083	-1.6078046641164224e-13	-736.457004198614	-3.0824552153971333e-13	799.333960631104	450.0	4375.034426358347	7.96561229617145e-13	8814.778189458513	1.1566263934900446e-12	12628.651788402583
0.014811024481278072	33737.65050242625	-2.288018627194057e-13	-329.50947226834296	-6.135190673774227e-13	-688.3724284385224	602.0	3965.559399946439	4.989060252603627e-13	7977.087068239658	7.835961424440635e-13	11971.58472588318
0.01680768479659022	33605.660219008445	7.203675759108146e-14	-58.30487961241377	2.1292427656776945e-13	-900.4566845139518	762.0	3068.0230320796827	5.417197854842524e-13	6664.732166966444	7.453230847478142e-13	9375.385353195217
0.018969752078038634	32809.700731616824	-7.523504495224396e-14	46.12409969720593	1.601049773468147e-13	1016.6347280054855	1142.0	2959.3626058026725	4.4305620582517663e-13	6719.461464594433	7.395327541202498e-13	8473.232569543572
0.021139474258468342	32507.025413745894	-7.398702408295954e-14	-607.0804585727692	-2.294248500405313e-14	-900.7880703193645	1250.0	2677.5549342735467	3.9117989521071276e-13	6388.779010738369	5.269869984568091e-13	8027.714727117724
0.02316662612605558	31300.415175006507	2.136605793375711e-14	-1612.7297022152975	7.898215384083654e-14	-183.62707061231805	1458.0	2192.7306896275422	4.089149566371627e-13	4823.253159032062	4.4199241023089307e-13	7681.957811152083
0.025193761228453515	29906.75346047705	9.39657793506805e-15	-906.1796860881997	-1.3015542530893945e-13	-502.5166838207427	1814.0	2084.0770671667224	2.883139839684021e-13	4589.647856753849	3.816063722922738e-13	6272.310563487922
0.027320893792279304	28297.698737419443	-3.141727400638576e-14	647.7791463986882	5.0480704044924356e-14	-392.96699071077916	2178.0	2137.9063157979276	2.4326814146220813e-13	4364.292200090856	3.057630712502958e-13	5955.486687765404
0.029434086525317225	26658.912153194575	4.379637272229189e-14	76.68607387172206	1.1003495885869244e-13	147.92151623553156	2498.0	1659.350891697142	2.6415527862704977e-13	3559.5492684436795	3.340408305927622e-13	5161.626391413036
0.03145070173609333	25867.05440625071	5.950817185093502e-14	-402.4456751336974	7.438711280630584e-14	499.3369010260604	2622.0	1578.1134027018427	2.1779983589719781e-13	4087.363843606024	3.5441593720996096e-13	4612.558526570185
0.03351999859451853	23916.060405371427	7.474683068895426e-15	376.64534021668317	1.0020006372003799e-13	176.04631301487035	3338.0	1416.855425330385	1.9273676454112723e-13	3159.690152164815	2.876493040596347e-13	4794.339567043908
0.03567127104290463	22701.012832592154	-6.167933427062183e-15	-214.42370215597828	-7.77076530871337e-16	-118.83235842072793	3722.0	1345.152033469813	1.9313931736302873e-13	2986.0548961098525	2.5351557217819364e-13	3384.1473635234356
0.037809089466011754	21524.483258302786	-8.93075840016467e-14	160.88148723697256	-4.437921343062336e-14	508.29320177349285	4170.0	1309.0057895335435	2.008549101785933e-13	2362.1530789959866	2.1094329756091026e-13	3316.1346731797385
0.03986962342462368	20228.998304446457	-3.0887467626485465e-14	196.312317942425	-1.5253245655665105e-13	41.16932531270539	4358.0	1171.2424797320368	1.3502853406010421e-13	2694.1583400225495	1.9858678639852637e-13	3117.2536414067
0.04192678301280368	19352.98665002856	-8.741915992237362e-14	312.12453091719067	-9.827402733305781e-14	193.95032180259616	5034.0	935.4614163169654	1.54010544518765e-13	2391.5540720745707	1.4713699035865864e-13	3498.0619448744897
0.044049644283299154	18544.461437995153	-4.3286431697693566e-14	-100.67682387702405	-1.7269419369810778e-14	-538.8359210288052	5714.0	1052.5152932145459	1.1660933052938512e-13	2201.1360745317033	1.5663134825672103e-13	2857.501636105792
0.0461520765124625	17677.233415206956	-4.8818830996084476e-14	-191.71852308921865	-3.151241192615473e-14	6.544647467950915	5982.0	872.4839381861105	1.146191829056924e-13	2020.3107325743583	1.3941722082816195e-13	2616.2656483892356
0.04821654287098462	16746.474000320846	-2.7910946426170133e-14	155.349642034487	-8.165997960412776e-14	333.94529096275585	6602.0	948.2250721391727	1.1378552265285778e-13	1987.5285592284354	1.4216916411705576e-13	2602.918828316934
0.05028446778888448	16228.747697724355	-6.431112284413088e-14	82.11274122258295	-5.666978019312056e-14	356.092989657826	7130.0	912.5859067123947	1.08100418998613e-13	1830.7865752046703	1.3499867859767604e-13	2750.886444610189
0.05239093180212778	15615.414163782336	-1.8563870799693388e-14	-262.32357386633527	-1.8879074179981134e-14	-180.88975192482891	8034.0	764.3153672303699	9.310599274309672e-14	1774.9391627103366	1.1614963784781878e-13	2506.430405990594
0.05451389022805993	15285.821524997596	-4.731003671507837e-14	-180.22324320222867	3.410669103419588e-14	-300.71992442939853	8606.0	676.3361435521621	8.852279450506506e-14	1411.9524885617097	1.071021978988161e-13	1951.7423855781012
0.056608499535902954	14937.630671970821	-1.0975929573670237e-14	-90.07638569091425	2.4333094427343137e-14	161.62700933387808	9066.0	669.8664975432025	9.334346884396331e-14	1559.4088351680389	1.047487576183373e-13	2160.664612693043
0.05870041228185086	14425.384621632242	-1.201484040999729e-14	12.182900521155268	-2.7983398224288713e-14	97.39200908284413	9962.0	721.2971962395276	7.471629552411583e-14	1673.5984312116093	1.0473791711579503e-13	1845.342431971763
0.06079990868488397	14028.926127530493	-1.0446248948824993e-15	-43.47234914251677	-4.184703166771573e-14	100.81882897430269	10550.0	674.7484029180994	7.375884789239406e-14	1198.9459918030893	9.16722464020945e-14	1906.5292165656015
0.06288352399537324	13724.880335236106	-5.875342191773176e-14	25.788932963938677	-5.948844129184595e-14	-355.0880562382783	11226.0	662.2915624093436	7.938715594740227e-14	1256.5155933774897	8.966244134096483e-14	1734.6489358789854
0.06496933863633478	13310.425249375352	-3.874668644214213e-14	70.73992181375496	-2.563852084519795e-14	202.3134226081494	12146.0	596.4702535862976	7.546282961840731e-14	1412.0471856451634	8.596088016076153e-14	1649.1121611757246
0.067047463818807	13002.757488263549	-2.2944703126461544e-14	-13.737706703076865	8.441131450422337e-15	-101.00256706609473	12606.0	569.2559376195172	5.662597610639426e-14	1232.2499129993546	7.935607231188626e-14	1802.5713243851085
0.06913175452825705	12521.176212837088	-2.9583836900239895e-14	46.699477915892686	-2.92036162195289e-14	100.76583156337745	13802.0	553.1009170204406	7.135720374652917e-14	1322.27277433301	8.307226184735833e-14	1689.9477804997055
0.07124626098411652	12261.85675966256	1.7383377758454462e-14	-116.2261972227845	3.796796471491475e-15	146.68181590126744	14754.0	509.4110221684705	6.115040742491847e-14	1223.1631318605694	7.781997082587511e-14	1573.6252692960445
0.07334431226217804	11654.046822387361	2.1875344973190457e-14	-150.21703174622655	1.751770011933727e-14	-167.5471737586482	15194.0	425.85541604662217	6.371572439019677e-14	1208.0990305821863	7.023201733628983e-14	1479.0682388169703
0.07543096140594086	11351.31705817793	-2.4503450934898806e-14	83.72203039277052	2.670111312841931e-14	222.43425602800184	16454.0	469.6342491151587	5.783723495904727e-14	1098.1540932974478	7.09565148063099e-14	1525.0538124626046
0.07753278308483011	10926.77011296993	-3.623440214628696e-14	33.27495998146978	-1.7082523628355686e-14	-240.43878072483625	17154.0	514.289142564925	4.9390885953706256e-14	976.8884168077874	6.139019741350914e-14	1547.5029772045357
0.07962965000734924	10340.899908389343	4.4342797532659715e-16	-81.36351148772643	-5.4029712300125854e-14	114.8903168061216	18266.0	407.0685761862876	5.0417390725734524e-14	1096.0690584582915	6.485056935536587e-14	1354.5641662463124
0.08170723762107696	10079.716874122656	-2.841510399654619e-14	-180.8990831126568	-3.316760307006809e-14	-7.557823523375795	18750.0	510.9698601331721	4.6958800969265e-14	870.2164425360421	6.118836245713672e-14	1203.363227258873
0.08379118810226291	9567.553412806225	-1.837701262710156e-14	165.947008785655	-3.034145462286463e-15	28.286334241490096	20234.0	485.0247340431087	4.951206242992062e-14	1088.905776646276	6.569408456614248e-14	1301.5262089731923
0.08590228751037517	9125.7490092924	-2.235377660497199e-14	94.87800976808559	6.232115144222286e-15	32.30311314090764	21450.0	394.1035558489685	4.508046909987011e-14	1045.1586842595054	5.381841095411386e-14	1197.214822858709
0.08800675061496373	8709.50039860151	-1.8852009633485285e-14	-81.3551951324254	-1.2571198805997398e-14	-258.7228790930033	21962.0	451.4772733985145	4.3143364716496366e-14	789.1817301563997	5.400562684935751e-14	1134.3793159479167
0.09009653920482735	8324.627338629933	-1.0571763686689805e-14	-73.46752355889873	-5.317544193776642e-15	-98.74313495488714	23462.0	360.8394268152398	3.71989959780976e-14	802.8890988976561	5.19767673355948e-14	1218.2763291390102
0.09218711218652552	7927.406172356511	-1.5579064005072186e-14	169.62871972368924	-2.0762218373072084e-14	-109.81977695298924	24042.0	357.03234910789837	3.6629671035055e-14	828.4347166977345	3.682883182807867e-14	1133.985967789907
0.09428989135945491	7554.7057722297195	-1.1441129182169598e-14	79.18768945681613	2.704227238957706e-16	-138.2613330368309	25946.0	369.4782165759257	3.769419448990952e-14	891.9103553561403	4.549410798746561e-14	1059.1638753524408
0.09638281571351456	7221.296734358216	-2.2322985092619486e-14	2.3749853711315416	-4.919005965429082e-15	-136.5020288652321	26118.0	361.4445206027834	2.6032882416232242e-14	815.9376737567568	4.285702342676095e-14	1076.6390597263855
0.09845070847210079	6883.39111632798	-9.88167928609881e-15	-5.912514607353776	-3.182314151720968e-16	-98.20889862003878	27506.0	327.4752522564999	3.564875819713221e-14	760.7051137309544	4.0649979015331776e-14	1022.8146887754508
0.10053577780376487	6626.001371056191	-1.3862648119690295e-14	115.04350684228393	5.3553396812327096e-15	115.32833812470523	29066.0	325.8010540580316	2.8079719415565215e-14	791.7847598636031	4.916148475885085e-14	957.9672629012346
0.10264601037098249	6353.331810989764	-1.8814408592831983e-14	158.98847001161337	-1.410484704980011e-16	23.659628553269727	30450.0	303.3886553388742	2.5117477658177808e-14	674.067499142736	4.0693279903562004e-14	947.8255271127412
0.10475860326097716	6233.709363128253	-9.476074662202934e-15	25.47191521551146	-1.7475705676129225e-14	59.451532744505215	31742.0	351.3253732226941	2.5313398857131038e-14	654.1250715117687	3.676526043630803e-14	1045.962560774403
0.10684869229362234	6037.36446841418	-2.4816156505960812e-14	-100.53129454965581	-2.6211181090101753e-14	-48.792575088960476	32250.0	327.1145655672242	2.7613513960919922e-14	749.2586392887637	4.0547841568062997e-14	965.6281642328422
0.10893752493866628	5875.060377817032	-1.3688283599974053e-15	-77.55047964660345	-1.2577365812133046e-14	-141.04910728978788	34250.0	297.94442803520826	2.6696288010999414e-14	735.6001196099193	3.812678600586873e-14	858.2543925605169
0.1110411892736213	5671.804585600808	-1.2383548582361075e-14	-121.68793712067992	-1.091950193913144e-14	-74.77572105311906	35454.0	312.3700111936201	2.579847287345812e-14	611.3712965714931	3.6892343540255135e-14	853.6364707797675
0.11313480595029494	5599.64005128644	-1.7620017422408066e-14	58.592605413464945	-3.2507885356270324e-15	-13.22238454594032	36434.0	277.663312351421	2.7733138077325252e-14	584.0746619070075	3.5264871725609924e-14	854.654131960882
0.1152129706138257	5449.467762153839	-1.8429979019331555e-14	38.882420401269826	-2.326893765846266e-14	-45.957097216799376	37682.0	281.74685932641376	2.675541893213835e-14	649.648373597494	3.02691306233139e-14	736.4690558399574
0.11729351893921021	5310.285411814614	-1.6059020702374023e-14	-28.698661192835228	-2.1117619237180263e-14	24.890213583114818	39294.0	281.36133835159256	2.4506381183096774e-14	629.999343910007	3.548912383939146e-14	821.5851022154409
0.11940098780082176	5294.502178125183	-9.58942681453598e-15	-80.00460288080875	-7.743019863331858e-15	-75.32170893864338	41426.0	266.66269247035723	2.123122732287226e-14	612.8230009231312	2.7154337175035286e-14	777.2227527077995
0.12150384743993768	5157.219484104642	-8.95517852036128e-15	-62.15367099881747	-3.2159878669369596e-15	-35.01880794932849	42066.0	270.6357195811722	2.2335891526712238e-14	545.0177586940937	3.0513914023454554e-14	746.212718174045
0.12358793676777693	5090.278939082286	-1.3378172639248578e-14	8.109787811402446	-6.354392371970717e-15	133.22879511559026	43490.0	267.9395575289114	2.5204229162453845e-14	544.4233287525419	3.1577351280446476e-14	876.7549184499458
0.12568460921496086	4912.907446749674	-8.344478553805073e-15	47.86283002219518	-9.172179403422496e-15	-1.5386633991605367	45702.0	234.92446180029754	2.1794453636095357e-14	595.522577980092	2.9171510852296293e-14	717.927835824177
0.1277861902311609	4800.831938729084	-1.2088016387585413e-14	22.003553569634395	-8.43246218562984e-15	14.407093178629003	46634.0	231.97899663231544	1.7676349503082576e-14	594.0749860088724	2.4641285881563518e-14	671.4324112810092
0.12988369935931685	4684.765126493306	-1.849344750702273e-14	30.438700151019297	-1.7665308306973636e-14	48.31382947869422	48554.0	258.08687691388246	2.1276376758702678e-14	546.2203029597182	2.993823030660041e-14	690.640862452549
0.1319589070411333	4590.441106159594	-1.4122276194156377e-14	-139.00120535964436	-1.450060579795208e-14	-2.735941982543957	48870.0	243.80962026853024	2.1634456368346872e-14	605.0758259532975	2.7823567912377846e-14	778.4881180472742
0.13403744728828546	4444.506408929323	-2.4031041567293213e-14	10.110084054661787	-1.4728619719699627e-14	-90.06344742700716	51554.0	224.76834973040818	2.0082734228294413e-14	597.7713369919051	2.4493050598077175e-14	674.3694222337579
0.13615115228842267	4345.305938017824	-1.3838144172445697e-14	78.36453503016695	-3.606847037369639e-15	30.620338068927623	54090.0	249.2813856366907	1.870219351552742e-14	487.8570404065473	2.519873945372217e-14	696.5321804186628
0.1382564432429707	4184.383184035011	-1.0464717863437362e-14	17.846994096483744	1.23448542075037e-14	96.22659662374718	54314.0	237.91487635689091	1.996796028390459e-14	525.7932796827129	2.3110977476355872e-14	600.7800411874932
0.14035137161572295	4062.0215544899843	-1.319302621605394e-15	64.59573920547174	1.3436779562088623e-14	-117.8733185699093	56910.0	213.1234179534333	1.9131089189201027e-14	538.8076836819735	2.587268632377541e-14	661.8658018242177
0.14244284612320735	3927.7671697567644	-7.75733377871953e-15	-50.101055234434696	1.6041526137576966e-14	-42.82167308962628	57482.0	229.67405493614208	1.7413378693168868e-14	507.23311011666425	2.3463225515103444e-14	636.6425124266353
0.14454035779251395	3791.9855586338012	2.5740735313048357e-15	86.11172339555428	1.4195104777900932e-14	-38.30671206696108	60626.0	203.41059203369392	1.888517570384889e-14	498.4340870705359	2.1367943749850786e-14	672.890243747366
0.14663929214532168	3648.9509472072496	-4.032301347341496e-15	-14.551778270040877	1.2520795121166427e-14	3.3491545772457765	61206.0	235.96930790744003	1.516734611482991e-14	455.8533578762934	2.2123761952719387e-14	702.8369538929929
0.14871604867869329	3519.6399644640915	-3.516421090082664e-15	-102.98604119964484	8.740722897874056e-15	118.76148659634308	62570.0	228.33147974186605	1.574043059544911e-14	470.9709578661168	2.1384494428012922e-14	623.3936549405396
0.1508061818142672	3401.790634976849	-6.805995621656385e-16	-39.079223562884756	1.7370376608037452e-14	82.2156298821593	65730.0	205.35410267711356	1.5522042079408434e-14	422.58554994598643	2.0053163493948805e-14	542.0818579841927
0.15290505954566141	3299.096137074349	3.85718430165494e-15	-15.85093472693111	1.5071344118215682e-14	-31.811603351609474	66686.0	199.32026150109647	1.3355954205703343e-14	421.31994223725195	2.318002653754347e-14	608.8473676551937
0.15500844482409595	3122.217204451475	-2.847660009260985e-15	-30.25179281218063	1.8021414839175873e-14	-37.36912104301287	69698.0	200.31521309402177	1.5581351361621533e-14	419.61331046525044	1.9638015810904888e-14	541.2865301077879
0.15710459625738382	3038.5185512269218	1.013349992594979e-15	-3.6982857489228733	1.47181945423849e-14	8.811876003868193	70026.0	210.97222584216678	1.4722119223139477e-14	367.45149701160364	1.957871761807288e-14	574.264529841834
0.1591933727943052	2902.7245323131174	-3.867717904155101e-16	17.10849734915169	1.2163134489767072e-14	29.54754095407457	72746.0	207.29482871743448	1.5971533895253984e-14	443.5111900203521	2.0394745830515963e-14	619.83296659574
0.16129363465762192	2830.7264630755044	4.08608766977799e-15	-114.83333828187679	1.9323461695951075e-14	-83.60906406942219	74910.0	199.20087179071982	1.3163599125571027e-14	442.99740971504104	1.972244707164674e-14	608.7441212696019
0.16338330069066714	2738.927058030363	8.862087620719966e-15	-55.83351792218731	2.6870307554236584e-14	14.662097951108173	75722.0	208.1273619197624	1.3164416137448741e-14	449.8947734767418	2.057356178940959e-14	533.1548303382426
0.16546643325032606	2632.192426453829	2.069576923266727e-15	-43.62785827827383	2.216160071253541e-14	64.96513334785561	78378.0	181.69489497287628	1.2377216480572304e-14	430.6520337789218	1.9961410889481647e-14	584.2768973273645
0.1675552986733246	2561.1952318718913	4.64370327465073e-15	-27.366417211317927	2.118611959241348e-14	-50.32300043196487	80030.0	179.9934295679122	1.0179841251484941e-14	392.807945593213	1.910768165144067e-14	553.2054873867406
0.16965477551444438	2537.7581480526705	4.131227406863122e-15	4.2969505750799835	1.5596950501773834e-14	37.37004029132899	83186.0	193.38587498148001	1.1682158014415239e-14	416.26583850563884	1.7604082816294842e-14	597.6530685075069
0.17175823925991854	2444.505673664061	5.2590650326003425e-15	-5.415978879647182	1.3738271227983915e-14	4.583845069512638	84666.0	182.00026986030863	1.1763584832042383e-14	422.75035105932363	1.908634967579197e-14	529.6591083293073
0.17385538538974105	2400.08126381551	2.542074449890505e-15	4.664914629739372	1.2018354858083447e-14	88.41671444383857	86546.0	182.5028599630319	1.0792289506184521e-14	394.91322854264047	1.754464109722166e-14	504.00549017056727
0.1759428749177005	2369.7321235106424	1.786263767392606e-15	-32.61276266187025	1.733307989328969e-14	70.05904086535003	88134.0	174.44376663124063	1.1939219315095143e-14	376.3411967506008	1.987173065303011e-14	471.5651449987639
0.17803867268749937	2313.6947682968253	1.7072411832935981e-15	91.98379253604188	1.0990633321016052e-14	71.32673983711751	91538.0	155.50287886352143	9.26282013277569e-15	375.6779930266556	2.052102302487346e-14	544.274782455422
0.18014347150516788	2244.602670969889	1.7517498009294562e-15	-26.02892570618421	1.0162656073163765e-14	-47.20992874970324	93138.0	169.51565677629637	1.1404950638584734e-14	396.24512619039916	1.704231475364347e-14	430.014989201356
0.18223255842321823	2221.053004647323	1.2461945824897277e-15	-97.95154270555656	1.2340775949992028e-14	-53.3078864202087	94478.0	180.00391169778106	1.0653659952602537e-14	318.8446929335616	1.6480562597372906e-14	536.2679227712999
0.18431984121140957	2170.846493141787	-6.520491236202263e-16	-35.123064615401866	8.94937641800994e-15	-44.141158139586416	97274.0	158.66292011022728	1.037421353780563e-14	350.3969241426642	1.564233554486976e-14	458.6798050446692
0.18641466711813712	2106.9572597132715	2.263967358727985e-15	-43.202549396880194	1.4632393699327996e-14	-31.43827141950412	99690.0	162.69529798346724	1.0516280147714868e-14	301.8336404133788	1.5974914378458016e-14	482.67282809628506
0.18851818993064448	2087.522924649178	4.060240551286206e-15	-44.3685212981984	1.9354615087331048e-14	2.810441838008312	102590.0	168.58914896372676	1.0161483081387747e-14	342.65773183841304	1.646053249108372e-14	508.0002615301779
0.19061816615855726	2025.6629934919117	4.028606876690193e-15	74.47907695915964	1.3118139850830179e-14	-21.823828926543488	103770.0	166.31220564651838	1.2085531618587384e-14	353.64593857648885	1.52387007466018e-14	436.28971060930814
0.1927075421401721	1976.052489524538	1.1949622392341912e-15	96.3690651361051	1.0877558965221798e-14	24.936908475862154	106346.0	142.92684283377253	9.845969417837955e-15	313.75017852863385	1.5188854974441396e-14	489.7547629144851
0.19480182287446776	1947.7320878944984	3.533162662792745e-15	-6.6777961255035825	1.1698455984183109e-14	-132.4361020729527	108546.0	151.93790913591556	9.292100699145324e-15	348.7806934859399	1.4261478304855918e-14	504.40611531069845
0.19688975174994605	1885.4094340132299	9.043866480645675e-16	22.85935896762565	5.690112627115101e-15	-73.61856325993728	110726.0	147.8287411176835	9.914109298481199e-15	361.59313038432197	1.4300319829590992e-14	514.9420493487554
0.19897199889713765	1848.6073593269612	2.38322223790237e-15	-26.890361500162953	9.951593353294029e-15	47.15233795453261	112322.0	165.54127928511136	1.0054140974934981e-14	329.68821523303933	1.6355876457972088e-14	460.941945779004
0.2010569471447005	1811.365455191066	1.7475498258778434e-15	3.0362699179503774	4.071162361733982e-15	38.055433214319564	115890.0	149.17304857380924	1.0667247900686652e-14	315.7554872966324	1.1727992285103557e-14	457.0716665663313
0.203156266085195	1755.5132306148505	3.0419860703606706e-15	-15.437303321536342	8.644849644663273e-15	-63.746593717428475	118766.0	142.0015288161587	9.425150360473756e-15	304.69115112698177	1.2737424656763242e-14	387.40320142435957
0.2052706092735702	1702.5575279265563	6.181790244099407e-15	-24.999152012753743	1.5325119402609392e-14	-5.715820579525416	122298.0	143.16176034291817	8.915138976362891e-15	332.8962827061927	1.3408259452647475e-14	410.4696334481887
0.20736741790518642	1636.483823629813	4.209649213279873e-15	-2.891895016133611	1.2675211824858657e-14	-72.5707357886347	122090.0	156.85636384777945	8.321287932927371e-15	290.5121391716931	1.4555825514045817e-14	415.5540807917309
0.2094553456508666	1615.5120231636492	2.409681151363762e-15	0.9642680191771678	8.249434450033981e-15	36.665559524629174	125810.0	152.9005067354909	8.584817385645403e-15	301.87262053639245	1.5221412796702778e-14	379.62279376184733
0.2115487153625623	1540.2436843877329	3.5529105661986855e-15	-40.32697975498845	7.182930366346935e-15	23.028084083135035	128190.0	149.38004203180705	7.357213051562444e-15	307.06821257805797	1.2576784547400516e-14	420.37868121564014
0.21364654350842388	1486.893936112	3.66530307192776e-15	45.867453983553304	7.204722211931339e-15	-36.17936722073134	130994.0	135.1666689023887	7.89785055706702e-15	310.860378625614	1.2480606256973018e-14	432.7255967954164
0.21574572244793688	1417.9333986703487	2.045465361978748e-16	8.09320617962687	4.2423919962531745e-15	-22.478527903018367	133722.0	136.4975139043565	8.557574646547042e-15	312.1951962109217	1.2796572080123403e-14	447.0861076872788
0.21782557538221642	1414.0287079402076	3.1317849929422386e-15	-20.674767514685932	5.241472717374032e-15	26.790751785515276	133886.0	136.1305153571718	7.65493043431088e-15	275.57156473585053	1.1454154962369332e-14	398.4711778869115
0.21992122827382063	1370.151969137767	4.268725215799981e-15	-13.629944843571998	8.334509328674581e-15	22.057020823305717	140538.0	141.86441499580718	9.135133457422504e-15	310.48092194275665	1.1814144708749435e-14	424.47141544741254
0.222025046849292	1318.0741820465873	1.0905064190521315e-15	11.386343985587352	6.690531738687126e-15	3.1059598393138748	140594.0	135.09920927396223	7.580123079779808e-15	294.38573096149696	1.2963892573177598e-14	446.3881189555661
0.22411339188337273	1303.2977582245385	3.7952133861638426e-15	5.290980293378267	5.9475452812613904e-15	39.336359640237276	143594.0	121.74616928568028	7.489942917684885e-15	275.593891026954	1.2517020603133101e-14	396.95650328749
0.2262026397278257	1244.2826119250797	1.548693122554253e-15	59.088841525064254	2.070839473192448e-15	-50.00843739841848	146310.0	136.22908982696234	7.265007046229699e-15	330.63279037764767	1.1965363305420148e-14	342.2664089985305
0.22830451058192117	1196.9060450968768	4.7851713885369535e-15	-30.800238218732648	8.192185239724939e-15	-22.243116313713276	150650.0	138.93559681138817	7.530945822453924e-15	340.51381619538944	1.2308682833121783e-14	406.1681017889499
0.2304083592272689	1180.4269284164866	5.723648950378243e-15	25.21369802624404	1.03749819795389e-14	-14.845309266058294	151914.0	148.2021341673115	7.931389508664002e-15	298.6242899263184	1.2984717598797563e-14	366.1088830624357
0.23249034210233852	1150.1571393774339	4.3497705879270885e-15	-7.288307741548988	8.293587746858423e-15	-33.096287471028994	153398.0	141.0186862988139	7.970962917348296e-15	304.47600338192643	1.097107915543762e-14	403.9558411949284
0.23457691220534552	1127.7021739526574	3.087875161175168e-15	45.491447853830195	5.82550893674149e-15	-76.30592619600863	157866.0	135.67992551415242	7.023315879259688e-15	297.78359047945895	1.2135973609273314e-14	373.6452588616909
0.2366739243473352	1108.93221834121	3.786971053294675e-15	-16.339523957597738	8.727226286490003e-15	-17.49873183394324	160658.0	119.98924599155109	6.05934073873779e-15	260.5790659942216	9.838063910493114e-15	351.19587526895225
0.23877501979596807	1051.7448193484656	1.0837296017035972e-15	62.32114293652029	1.6035061955098582e-15	-26.058802592238862	164102.0	132.6606673380395	8.27623039081163e-15	267.02398506199876	9.706207271759338e-15	339.466840068337
0.24086697471189877	1041.8767568506714	7.854283662623723e-16	24.369977247298326	1.5396836540678943e-15	3.532939691600806	164994.0	131.78916915794284	7.118109191034678e-15	267.44988403655316	1.0784152465215774e-14	344.75429338151554
0.24295721589140443	1018.3632845748751	1.975916094716591e-15	-4.2841631252590275	3.5524468587898595e-15	-57.0998586364629	169850.0	125.38054462057839	6.708616807767006e-15	250.42447724010765	9.64950292160257e-15	354.92868178132727
0.24506264204813352	1006.8025758465861	1.891954847254883e-15	52.638512205912775	2.1447846188731856e-15	16.148079260638085	172986.0	142.031788501032	6.243852201292469e-15	261.5730918353291	1.0491433866275457e-14	348.5366679780953
0.24715616459448875	976.2512511628058	2.7417038930946556e-15	2.5846562075876585	4.059137334221118e-15	12.057075185119498	173894.0	124.60664976600759	6.10573469440274e-15	256.1998267371738	9.369750015638719e-15	330.774199086579
0.24923680875048657	944.7234031636904	9.485031162001238e-16	-16.014943681487697	3.558188231165991e-15	-1.2672653210780709	176778.0	132.22545132535177	6.2118762883234364e-15	248.77068682190742	9.554184031344391e-15	352.05930464313724
0.2513295001440267	928.3938479912779	2.6074343568135252e-15	31.761804170780824	1.3763793276404595e-15	37.93733999460332	181802.0	115.36031835629656	6.1538618935870655e-15	223.29379714574276	9.147004270769834e-15	310.3562592380723
0.25343048508529653	916.4362977292228	3.2022428219621022e-15	1.3817875337041434	3.906831420670752e-15	30.086611700348822	184430.0	118.21932517619365	6.927054790317435e-15	256.3698879264549	1.004889377524801e-14	378.07751692273473
0.25552974003284246	863.9062398345392	4.379243526833955e-15	-38.80839930386824	5.643748036443546e-15	-3.682486966430973	187242.0	132.58483023965744	6.748912190147538e-15	223.9130823668757	1.0304019626768415e-14	328.99836478949214
0.2576245983098365	873.3182948817666	3.1100714204400998e-15	23.369449417558773	6.352740325054126e-15	15.669716841912258	190250.0	114.45080629145468	6.247236357504232e-15	248.62354003273464	1.0127291280409957e-14	348.30732854327414
0.2597164635916155	851.0416120729295	2.221428584860798e-15	-25.98566903271849	4.603212772140832e-15	-32.993941514323126	192570.0	108.61646061445538	6.236110066272368e-15	278.35592485072834	8.622615139554675e-15	350.79170517816004
0.26181718957783273	833.1818298960924	3.1804256408179792e-15	20.805922218005424	1.715966121317911e-15	-39.66164285870995	198254.0	128.16030571154022	5.843981807063018e-15	231.7991834669484	1.0030371889629243e-14	335.8836280124256
0.2639136507582234	804.2094004149402	6.484718059179582e-16	-42.37213437354055	1.860174192914051e-16	-6.939308371925772	198074.0	125.04202499884558	6.616322756211604e-15	238.5168666277008	8.834505801489685e-15	327.1515461802541
0.2659980051593398	786.0372116491307	1.8730756187194145e-15	7.851639415232062	5.608365371862417e-16	-78.28887793371072	202050.0	128.33259964671026	5.455587594625064e-15	242.54636205072214	8.606700963013928e-15	366.00562171212493
0.26808572042998563	753.5546042296583	1.1129899147801894e-15	-11.924273841425814	1.2932782072372051e-15	-106.64744971900076	205502.0	104.79142626141962	5.8494599131717985e-15	225.8441795274837	8.810278959860996e-15	331.24348850442937
0.27018730748700454	759.8205968403221	1.1402668695349315e-15	-9.780601779299618	9.5378190052511e-16	-6.667872571576477	210666.0	106.15666635761418	6.0737039450586725e-15	265.71744457543474	1.0304665149399142e-14	308.14101409738385
0.2722880547425607	707.7286467493577	1.380503636007835e-15	-2.6456816838336126	1.6491060443433802e-15	-36.07203229945179	212426.0	119.44700303070273	6.021068365111968e-15	236.95676573045816	8.893154751242131e-15	348.3167691329339
0.27437521596173836	695.1065266063363	1.992721320536125e-15	-10.793672166932563	2.0118580734366412e-15	-65.48354814956836	213918.0	113.9371174220706	4.960058784435988e-15	216.0642243126197	8.134179512488835e-15	293.2968906214744
0.2764703503950437	695.2820843477872	1.3032850378493814e-15	-22.281519364033503	1.430766803808364e-15	-31.779659377083554	220994.0	109.0246350862665	5.971627694259629e-15	219.9203753652173	8.377036781914389e-15	316.07893707631274
0.2785704488769453	696.7302796431359	1.9848818960029677e-15	-38.206894251295026	3.71459468508455e-16	-10.151647261839448	221522.0	102.35028970508921	5.383830027831756e-15	225.75630224519418	8.90099299313604e-15	299.41565948483725
0.28066492543713184	647.7248708380379	2.5900267630799965e-16	-0.10507858568984205	-1.7422483905757763e-15	64.95437199084155	226314.0	105.30757083880803	5.576906857919121e-15	223.04499318003766	8.637026241759788e-15	293.2686863470756
0.28275310350000704	623.2947341282919	-6.080745282791935e-16	-3.0749546105620094	-2.7657405348367616e-15	-9.31089114213549	227294.0	118.30556599462524	5.4575287980798214e-15	229.54382407901682	7.493891422602731e-15	305.0917743517357
0.28484336224216883	615.9246480023132	1.0047814499595408e-15	34.73605983921387	-4.702369076299663e-16	-69.00594639409006	232962.0	113.48956134170783	5.95037180138785e-15	213.17192057116213	8.453251573359539e-15	309.85504978477974
0.286947838858037	609.1800488145599	1.0889719470214236e-15	11.921256454555273	8.136515030900672e-16	-53.4623150389427	237818.0	106.48313495025123	5.431895998189361e-15	224.68703430718634	8.188301888903497e-15	269.5535332203976
0.2890464370692696	569.629064247073	5.462864441866222e-16	-3.6285801260051875	-5.180131252060685e-16	-14.682632181707392	238398.0	105.16168097082468	5.2640895043074495e-15	213.5668872686407	8.051213416745296e-15	313.2220973976943
0.2911315944952805	551.8724940076881	1.0071642223726828e-15	-0.5175169470631461	4.299388841133071e-16	-30.37720346241118	241418.0	118.19725653240135	5.622047842905684e-15	232.2900480429261	8.19647128402069e-15	303.2310852330036
0.29322153174035864	564.2249559354254	-9.647220467592545e-16	-12.025170063105843	-2.4864278842177695e-15	-8.761472437372577	246818.0	102.00125599872648	4.3294582634183365e-15	208.43159601165905	7.989657167976447e-15	265.10654444776645
0.29531882742196724	550.6229257579758	9.11356938233575e-16	-31.472292583012273	-7.901247222982307e-16	-32.040212140629436	249906.0	90.16601402387148	4.599218489979701e-15	231.03875634129056	7.725195509959214e-15	282.9288982264862
0.29741782184837046	518.7998382503329	5.229109224598477e-16	28.894992958817895	1.7116716169434466e-15	-21.79780059935095	254702.0	108.52696330787614	4.720124865935011e-15	199.81411097756552	7.35368728563594e-15	293.8755145040598
0.29950725283489293	499.436453520481	4.96197589685413e-16	19.60860200938977	-1.3803389799934446e-15	-29.37012589992771	254418.0	96.87170839176443	5.168965690474901e-15	187.3824812002208	8.543249356349973e-15	277.19058634787433
0.30159148825515353	483.8060791133195	2.2717146401470167e-16	-42.635425545159315	-9.99638586970549e-16	-99.4823252491422	260354.0	101.41410166224559	5.3178158756579455e-15	230.1485311334861	8.572456520709465e-15	254.50617817063772
0.303687017237551	479.01447489448526	2.3829441571810434e-16	0.0787257776653047	-4.0008797465166277e-16	-44.14741707817454	264974.0	112.55624046423183	4.746423558602751e-15	187.21483000252763	7.624427566602011e-15	288.3534665565855
0.30578839183029116	478.3370118546774	-2.220695920413423e-16	-33.251794902594284	-3.956763129059974e-15	13.241008711122463	268722.0	101.80564065683383	4.386192618280112e-15	204.20709836051063	7.838730341040262e-15	261.25942266600396
0.30788549008276433	455.10388631324247	-1.1065223201765357e-15	34.51191395644517	-5.8025748860503366e-15	8.07493013357135	271562.0	111.99947969772289	4.449134842539987e-15	186.33966589996862	7.266914209100715e-15	295.80524511799047
0.30998159194508096	422.19686803505675	4.195927828249844e-16	-0.22783898541956774	-1.0392687346462594e-15	-78.51095759903126	275586.0	103.10339241102372	4.885106980757763e-15	213.45404678662675	6.71887883228642e-15	276.70846705156674
0.31208149304618216	433.6664754007017	-7.549471832092989e-16	-13.960198816002338	-3.4941159457277135e-15	7.395953646276535	280190.0	105.85931006711509	5.5182814649868985e-15	209.57131063036104	6.725269351499482e-15	249.59609728426497
0.3141796608475148	423.5351252294191	2.231508939522531e-16	15.035850473907274	-1.4298556407597035e-15	8.730131306011724	282834.0	97.206690190271	4.617798402706645e-15	187.75440923883454	6.389998176900623e-15	234.686889123872
0.31627053823306317	416.89680033608937	-1.7722675690981767e-16	-19.190105130416395	-3.71879244173589e-15	20.603659859921642	285170.0	91.87900142779107	3.7899626318960075e-15	168.83438591530498	6.551121357237584e-15	300.95888748847767
0.3183571361527939	408.509740523829	-1.8010967616189783e-15	4.367072573179858	-5.135795097006487e-15	-20.66527334148605	289886.0	109.112401126259	4.263214322724353e-15	204.11728697641598	7.456326151850364e-15	242.2004762126943
0.3204517453432118	378.8649444218339	-1.1753571817501828e-16	15.575095131693345	-1.526566488031203e-15	-30.835112193882907	294474.0	104.55150176706779	4.20746193017253e-15	214.35576032637343	7.648567758288959e-15	253.50831185067958
0.3225516106039077	373.84648250432934	-1.7808653684758312e-16	-2.1278242562551095	-6.663249583698479e-16	-10.657991312195685	299498.0	98.90278817682764	4.501439750371413e-15	196.24576666194187	7.51462900291672e-15	221.16484756041345
0.3246439874381804	367.5858815998908	-8.053382472109167e-16	-13.923791060816258	-1.9471653498187644e-15	-37.24263524628653	299958.0	108.5661443822564	4.628393101352865e-15	200.52056971680537	7.563376077836296e-15	254.9950547472709
0.3267329670798588	356.09466503816293	-1.0331137386297556e-15	6.9630105865732785	-2.2593209571015373e-15	-39.41552914786373	305858.0	86.91797743256765	4.223666169532987e-15	223.8763109588217	6.576341692365243e-15	262.2533767565933
0.3288295442562379	337.4166401127123	-1.6779842426618046e-15	-19.692276847268598	-3.314871995906756e-15	-24.305186200938714	310794.0	101.1316922757567	3.94810030843193e-15	200.4305689286371	6.561952450340989e-15	227.48293478494844
0.33092645486675915	332.4242083464236	-1.8819313880570576e-15	-3.8985136453632983	-5.704831261623241e-15	-32.00766376025574	313082.0	102.20643272263466	4.516322710666908e-15	176.9658787030989	7.691309622454695e-15	255.70504455904
0.33301202944540276	341.2017085850406	-1.2361042373038852e-15	-2.9780985545671443	-4.522799649663895e-15	-33.15264045643238	316046.0	102.62178494062725	4.532101844240963e-15	172.43522835633757	7.018442956714239e-15	264.5036130486205
0.3351033811931122	338.55365644322194	-1.4578981642888995e-15	-9.503960061048309	-3.735003853578226e-15	-12.500345262142854	322218.0	91.53585941256833	4.005167574535073e-15	203.13371336539765	6.706631559855955e-15	260.0192052386622
0.33720859310991436	295.1603999901838	-8.095235184511508e-16	-24.20234123085171	-2.4893052877043997e-15	-28.683017980275263	328562.0	99.05019920196264	4.298323569604681e-15	197.5894774573901	6.7085073937320444e-15	245.91980897642196
0.33930591241744085	301.875697614766	-4.0537756667617477e-17	0.8977841234675372	-1.434304359005098e-15	-27.430364022012235	327990.0	94.11145478655315	4.342003604657082e-15	201.66980464338798	7.33931597462357e-15	262.61000382535224
0.34139922040524007	305.68489888005286	-2.755893731865921e-16	21.871827499327313	-2.1456262822339346e-15	-16.811596909104928	335282.0	79.20410837837339	4.551990947190944e-15	204.63306089237423	6.880288510523607e-15	243.47153770050977
0.34349084860971135	286.00161483681603	-9.406268062839976e-16	-17.312221542670347	-2.0335954260623986e-15	-66.31098701358816	335970.0	85.17898064993146	4.0472648874409125e-15	179.7193460126873	6.477268336436661e-15	264.7791284679833
0.34558591610222683	279.1253386473708	-1.5097902252554592e-15	29.624949466098215	-3.1461802609324424e-15	-52.73786984552963	344066.0	101.87578902148337	4.121731651475631e-15	175.65556066070752	6.451308211909721e-15	254.60339674827452
0.3476777772421155	281.3088377396427	-8.073315784202019e-16	18.378016931530727	-3.1966826801321634e-15	-0.7342079317378244	343718.0	94.51801927233878	3.7487098615165466e-15	167.42132811457404	6.632999990218411e-15	250.81240724033054
0.34976721832776586	266.05626907996265	-1.8919862430009773e-15	-11.16476988676921	-5.44893983212663e-15	10.834813131737105	351498.0	95.94490449747764	3.989805899442262e-15	160.58240632864263	6.93579146404227e-15	256.64606179515005
0.351864343557772	248.73835935863642	-7.218312490531803e-16	26.418663263520333	-3.643670600436698e-15	17.101604241514234	354458.0	77.96260121531014	3.86506531955866e-15	185.94304725930607	5.685043307017137e-15	256.9746489930394
0.35395714136271883	259.82483146625555	-2.356225022007554e-15	-23.683926044501224	-3.1815371771841813e-15	-35.398790084328205	358566.0	86.07406930856493	3.783771667419959e-15	163.23858512776883	6.129082063638113e-15	253.9024796777231
0.3560593236004948	247.4306810274844	-1.4742290535904557e-15	-21.533882396819646	-3.671471291290859e-15	-49.104449391792606	366122.0	84.04055455261953	3.831517794580581e-15	179.49039289518504	7.0517772226955804e-15	246.99742105941704
0.35815671744303396	232.74984454651636	-2.0036781393053127e-15	-5.7186940270794935	-3.363981026818609e-15	0.2752662164294554	365810.0	88.7831172150661	3.931351742374635e-15	182.49142381446393	5.739155929102353e-15	238.0050107301839
0.3602456749901394	245.6983507177957	-2.2773478817730566e-15	1.9377460166916693	-5.493045133880676e-15	-20.100188490204115	371622.0	88.33525209442801	3.746783319967593e-15	174.29688531243968	6.58251511747049e-15	221.84220661374158
0.3623401528562886	225.71031189843848	-1.2938569090548583e-15	-5.308910405446211	-2.95335325404755e-15	-58.66753856941162	375986.0	87.62166277517687	3.927359871899289e-15	147.7275970541954	7.043956091887254e-15	213.23543882325063
0.36443814488667714	218.08177139946307	-5.641073937166561e-16	1.9954358768734923	-1.7651334668750704e-15	-51.581007213145995	382170.0	93.85599268943012	3.769821536149192e-15	166.8580449560554	5.8460362658289245e-15	227.1826130566619
0.3665292802552212	218.7973040002136	-6.221823944816212e-16	6.101227898240078	-2.2593498376064942e-15	-23.636259087446163	381818.0	98.16643932534363	3.7096985665820075e-15	176.7095624365659	6.248134691157493e-15	234.98560611472848
0.3686158108380582	208.79888609818053	-1.1812504579519314e-15	27.141816012171798	-2.8469542024929447e-15	-55.28937079061617	389574.0	88.14138420135271	3.69297488498338e-15	179.11931573086966	5.796759994321313e-15	230.3443603183937
0.3707114168823465	187.37537686579265	-1.9108623366997744e-15	-9.081129217050677	-3.69658911634431e-15	-41.65740003520998	393698.0	77.14072885494348	3.578208624904984e-15	178.2290931846633	6.2539344883579326e-15	235.4491157749007
0.3728094494920944	185.272654722798	-1.7848449700071462e-15	14.7480944106473	-4.3968487529365496e-15	0.35933741883859	399458.0	85.6577999849134	4.05808762247579e-15	158.8842235060585	5.7256974916116495e-15	219.66119444670048
0.37490520593778603	187.5795286455158	-2.866340393806841e-15	2.3271923190596033	-6.122531449830473e-15	-16.98584053451347	402222.0	87.4713365290557	3.820699033108255e-15	166.9809754700711	5.7228672087236565e-15	232.88554574165377
0.3769986984086737	183.40650128143844	-2.0050616105068684e-15	9.74140451819469	-4.310278461534063e-15	-21.260695403674777	406922.0	95.29163423707011	3.554565282145802e-15	149.29931243855242	5.85772627054734e-15	254.79231359775022
0.3790948093112029	177.6130503695427	-1.9812732968247967e-15	-17.758049842433703	-3.709876416548164e-15	12.935110017455786	412842.0	70.91473618217185	3.645179593957653e-15	170.54290666380226	5.919191156277306e-15	219.29653684308346
0.3811904196324632	163.73033801776708	-2.0424494019648494e-15	-23.729261808036252	-4.222427859426361e-15	-50.04619706901937	415346.0	92.23022079735831	3.469370505700811e-15	173.02098569120454	5.416550313704239e-15	224.8153298717587
0.38328254569607956	174.50764077616807	-1.9475019629052436e-15	6.17464248452056	-6.616157758499257e-15	-15.098394772998525	421182.0	87.21459886754305	3.5453187267863598e-15	168.654025081912	6.911673840787626e-15	234.3456079195539
0.3853768048451913	153.72426093903908	-2.8967913532102446e-15	1.3326760749567221	-4.910261405462428e-15	-39.85250659425889	425018.0	90.11537211191954	3.8485853011192695e-15	140.2508077039039	6.811851246663744e-15	203.98100848640763
0.38747310879174657	170.0487692709534	-1.7875945022559177e-15	38.942073278625905	-3.8945760420416535e-15	-48.34802029107458	431138.0	90.6734388894384	3.4470192091233482e-15	146.5951991190589	5.67609628798691e-15	212.04385231570615
0.38956847242602344	154.11135925751717	-1.2333883253045277e-15	-18.749792028348732	-3.3410785184212406e-15	-42.00821032257423	434382.0	78.00645657899419	3.765314411417931e-15	150.99244747417734	5.8087830093881594e-15	208.02591689770495
0.3916629057081188	151.06531378234146	-1.6805855751037228e-15	31.44203291368984	-3.437335250624633e-15	-13.774330340889827	439514.0	83.70707583266194	3.3749874245992308e-15	151.5768392623977	5.956515872670774e-15	209.20168188306502
0.393757983220179	138.50043997524006	-2.660336386756519e-15	4.771377426642208	-3.749027850431763e-15	-49.92753514220242	444738.0	81.48760962976476	3.4915308102721527e-15	152.53587506784672	5.677930187164477e-15	217.4903662595989
0.3958542107026194	138.695673535205	-2.6529974336317503e-15	21.04948343006887	-4.780809694392342e-15	-61.72724087617592	448910.0	79.48531503307585	3.1743480659915863e-15	158.68003325835195	5.333423541358465e-15	220.27706792036162
0.3979410613100287	141.49847073851936	-2.4818204859573084e-15	18.35846391082661	-5.620394467173389e-15	-29.838937224856394	450618.0	87.33683305884225	3.273970082986884e-15	153.88425143685419	5.7821013586163525e-15	217.50780877986585
0.400031222268962	140.83730348833626	-3.0977983222484586e-15	28.061723891411603	-6.506443270599451e-15	-20.37059033785417	459554.0	86.77168664241971	3.606912983781579e-15	168.8441599859987	4.734727206579599e-15	186.64402422983648
0.40212821855496034	132.986320927064	-1.8825102193906865e-15	42.362869779302656	-5.01224399525031e-15	-1.7936100380897926	463106.0	83.39713480233664	3.1962967786222947e-15	146.53822278170884	5.060051672828028e-15	210.08944965951736
0.4042192291566213	117.91371177238058	-1.4316816895593588e-15	-6.026538463310529	-2.9458584730014457e-15	-48.70924776647987	467094.0	82.32979063611907	3.5254013997658284e-15	152.36574435817957	5.1124864004466825e-15	179.4879793327394
0.40631667801378574	122.12710286154248	-2.7169681084318226e-17	-13.684048206885661	-5.243097465599799e-16	-47.16326351859682	474938.0	69.51644951637249	3.543304218253053e-15	175.85123087290688	6.12217819844324e-15	189.12985499031012
0.40841358559262536	113.26819351401872	-2.292910392342223e-16	-32.19429245482516	7.867484607945184e-17	-35.54928108496503	477186.0	81.94579302025737	3.0791444984811826e-15	153.79132354770857	5.3762032871213506e-15	208.454154549477
0.4105107377095842	113.4853525520349	-6.876170834290974e-17	-23.204837835570217	1.0263050969493954e-15	8.439520465383401	484670.0	74.67539689191439	3.2192889542590885e-15	149.6516045400372	5.541755155510301e-15	214.95879571449905
0.41260769511212964	114.55201865501448	-6.54146133566988e-16	8.05924906000443	4.0928371819596123e-16	-2.215527900409884	487010.0	80.87896597135835	2.6262343336555172e-15	170.3291658447113	4.990908195444123e-15	188.36479204993037
0.4147015326763686	104.04691044661287	-8.744829885246574e-16	20.646595410094875	-2.963604321968503e-16	-21.02894855633067	493314.0	79.05964814667259	3.2804637811856167e-15	165.94619189366102	5.265709407093257e-15	173.90689672950313
0.4167952953148375	91.28988767685958	-3.6021382679812584e-16	-16.214635858937598	-4.0536192051552996e-16	-51.83377527372374	496322.0	76.82603947369597	3.161417322807313e-15	157.18545517820337	4.665670279568443e-15	192.96735973225216
0.4188842397803977	84.04316912785505	1.137193857253947e-16	-0.9082848540181141	1.0637314511102786e-18	-23.94489367275287	501702.0	84.11771599153238	2.9354678310487333e-15	160.36585407746642	4.9937857131638215e-15	195.02222811052204
0.4209783533233601	97.53992880031957	-3.795324210333105e-16	-8.588632219227067	4.752676532071032e-16	-62.979792151254486	508562.0	68.35391742683849	2.6978966857196815e-15	139.14863919892173	4.8010906123125504e-15	206.51775531152538
0.4230778150374639	86.97481978198414	4.1848281074583006e-16	2.4606886874554745	1.0632283243968395e-15	-15.763304559945391	514242.0	69.54209475946828	3.701598598282199e-15	157.00919700209468	4.741876126093965e-15	202.18422885912605
0.42517152709832173	84.37974475912799	7.436859479104243e-16	-3.637859120424011	1.830458324122673e-15	-19.524152829186875	516158.0	85.58836864037656	3.17131443840371e-15	128.5439250763084	5.3461530332909744e-15	194.7890632801444
0.4272622791999099	86.1179334487523	3.4177382843143487e-16	3.2273871347118024	7.223289728297853e-16	-19.166485364872873	522602.0	82.20297049583951	2.9250957426972236e-15	156.47123496233314	4.7470935268405385e-15	176.8220914393588
0.42935980929285517	85.36680504240479	2.992144083044432e-16	22.839156463270395	2.103353286277274e-15	-28.26258530911283	530658.0	87.4306916384734	3.2194282432174034e-15	156.8940581293851	4.938875379203883e-15	214.134484862213
0.4314537050668058	84.99910255933597	4.5739171417231285e-16	-0.6165711967081484	2.4360007671204187e-15	-31.165788223865693	530042.0	74.20696603467809	3.0577306292770034e-15	155.01050371512133	5.009292395280887e-15	192.19322591412234
0.43354262987550957	68.45821901738339	9.073631262880032e-16	5.118064029182716	3.0046218464474335e-15	-10.872064333200422	538878.0	79.92561057262616	2.5752145192987743e-15	122.3652453220659	4.6390622192218775e-15	182.2551368155553
0.43563820294805433	77.10227655811826	1.189183136631313e-15	28.67825064332851	3.0692718381412953e-15	-22.898525601973702	544130.0	67.8632535177989	2.862182802819729e-15	131.96933233686076	4.632944407357663e-15	212.9267065739662
0.43773811102942584	72.23585389865922	8.593249356272704e-16	4.982272665698773	2.711304633180764e-15	-13.449103068709428	551106.0	67.54527318913084	3.1997189470362165e-15	157.4703939701516	5.134935005402317e-15	223.12938996660483
0.4398353804298099	69.68799614937801	2.842743706627869e-16	7.490809134986382	1.378332026602754e-15	-18.8538136592865	553982.0	86.22428934898916	3.2783143163661452e-15	139.37582114506378	4.765338658542107e-15	169.63241703544105
0.44192809813891515	59.306019127291165	-6.889814623795148e-16	4.0962582275293276	8.520152157362785e-16	-28.839565296339803	558242.0	68.58868243180736	3.0464121553449402e-15	139.37003869973594	4.812124789708814e-15	198.67075970556857
0.44401907492719583	49.10669177233571	5.448158471581816e-16	-12.146546373661533	2.175778187540454e-15	-37.96492890872126	564546.0	69.84339427913527	2.853280885956544e-15	137.23897706842297	4.230197962031794e-15	206.08352241007776
0.44611350315747617	59.423900168699866	9.775822706713926e-16	2.7967001507413003	1.5704232306279966e-15	-39.12425155797918	570494.0	76.19125814223469	3.0607718556501885e-15	118.94809425771193	5.394589120289274e-15	194.0471316418261
0.44821126611811224	64.27489282241682	9.80192509537531e-16	-3.5221066712840856	3.0306593616553263e-15	-47.98718535231432	576762.0	70.33510090339564	2.494515510669155e-15	139.87574307456097	4.226993409832849e-15	175.99994223335307
0.45030248279419327	46.18310488511767	6.055989581722498e-16	0.8936522328356017	2.9340568607810026e-15	-48.52942390596465	578234.0	70.95883743289944	2.9493325908298356e-15	142.10457851983344	4.586298014430858e-15	167.15665564096608
0.45239181614020907	56.98269172715927	7.063127314710833e-17	8.80403765541825	1.4558293961009993e-15	-36.51691784449321	585666.0	70.66575819945034	2.8672227745382493e-15	144.97145832865075	4.732683768744083e-15	197.58185387482493
0.4544890346882619	46.132069952693726	9.735253577673668e-16	0.9648771259745675	3.0552089009062517e-15	-28.38545031386635	594446.0	78.1101210949381	2.9125528333467466e-15	157.81435769975116	5.108340983966205e-15	172.70396024208472
0.456585216147401	49.39146178928765	9.046236759491859e-16	-19.991005304465283	2.750980789018132e-15	-32.10054508483851	595250.0	64.14962910595183	2.662391136829173e-15	136.8097921892423	4.5324115807225086e-15	171.57616880296888
0.45867738260409396	51.654977915236124	9.584871532236133e-16	8.569216370864108	3.253044288810445e-15	-1.900543204825433	603402.0	68.20647656460233	3.2042011983204643e-15	126.38585612101349	4.994998198319303e-15	188.41140955350804
0.46077126751930486	50.37804856414229	1.238343230040228e-15	0.2729858220344494	2.8785953874524525e-15	-29.896539413414676	607382.0	75.5238575857568	2.69921954120894e-15	138.80849142778155	4.0006497549390456e-15	182.77627165026408
0.4628700066996915	44.436169735275	4.3697246316312587e-16	-6.4344296750834244	2.038382314613204e-15	6.011814986757266	617010.0	77.40071612843344	2.4762481762796995e-15	126.93440133824751	4.5484562998070206e-15	198.27887920625068
0.4649651542939671	39.728886326837475	5.559756004952585e-16	-25.7319566798127	1.5744248709533522e-15	-57.59560169024166	616778.0	84.37106085563784	2.565332468839196e-15	153.47683972347554	4.776660007316785e-15	177.4684145919635
0.46705540142808394	44.71568721996693	5.540023787457544e-16	9.874019666061116	1.5386308445344918e-15	12.042879453859598	624746.0	72.94566159250047	2.6441219833753387e-15	119.70665242888008	4.720912608029107e-15	203.11570728980348
0.4691447986162664	39.35293127371774	7.73784415704347e-16	30.180478417221817	2.0644592408434353e-15	-23.49047583812462	628062.0	69.09101361168135	3.0108895201076744e-15	134.405637285411	4.116412894294029e-15	187.36708330721206
0.47124096432230705	37.0968658602537	9.593129031208823e-16	15.175671461346473	1.2738658282730925e-15	-50.95844241505815	639410.0	73.68452005520804	2.4920548288960955e-15	139.57396946426778	3.934239640243639e-15	207.16859779393226
0.473342479383577	34.56163660372372	1.3026872469548385e-15	1.7922679336410057	3.1707891256522753e-15	-34.644421137340586	642954.0	69.3073257808713	2.685700046069386e-15	134.8262730425785	4.291541928962509e-15	168.26508794201877
0.4754357028575096	37.884089868410605	1.0674768238596435e-15	2.4951436249836023	3.095624911678839e-15	-37.62595953221611	645974.0	70.21863661458458	2.602199230453128e-15	149.96925349597356	4.191231892715711e-15	169.35147787947912
0.47752814754178546	28.563313567390747	7.396443564963351e-16	-25.89671281885551	2.191602484399514e-15	-1.0685380331261363	653490.0	70.33357878038858	2.671395424863651e-15	120.92667520008803	3.96794660685689e-15	173.70368112587965
0.4796256471936639	38.81816431309065	7.514134596380278e-16	4.872617052193326	2.3227626383940668e-15	-12.79145050891612	660746.0	74.2858303103739	2.6178729358371293e-15	135.65157916361312	4.459580841208446e-15	181.62390554259073
0.48172253897996287	31.84148593436834	8.032832527950212e-16	-13.945266382687683	2.531551848310672e-15	-42.85860729318921	664646.0	71.5013480001973	2.826431711303014e-15	121.73082783824023	4.800726571489344e-15	164.3789048785383
0.48381151293993485	36.02279978473905	8.939097895094175e-16	8.75730314160473	9.977601359545992e-16	-11.049721696188513	667290.0	74.84707321330589	2.3260524416845702e-15	136.59939309100508	4.412509866543566e-15	170.3432962169748
0.4859047007743125	32.80202433716067	7.203535514061727e-16	-24.526421034705795	2.036332768963338e-15	-1.2361319560471706	679034.0	73.60818002474255	2.4486316506540842e-15	120.74604293534678	4.390601235425276e-15	174.44209089573917
0.4880045536910571	21.438456156200033	5.922910060110295e-16	-16.017280810512005	2.1892962294813585e-15	-5.831954808282173	682722.0	71.89305677550746	2.905214937435636e-15	152.02668916057942	4.709111621907115e-15	178.0553642813058
0.49010377790193255	20.434580117723048	1.028353882658212e-15	5.792916607533686	2.1130424246947184e-15	-37.40154845964262	691238.0	70.2572172720377	2.3821310791815116e-15	127.73010410617053	4.370087291913235e-15	169.02113006567245
0.4921950422577814	29.173806579574467	1.2675682561691742e-15	1.3307329795002887	3.0340341977968244e-15	-23.55407830837928	688602.0	72.0152903777693	2.7166119774016446e-15	136.28596613670618	3.8933374956160806e-15	187.56847538963137
0.49428252543570406	20.113315828628853	6.112459876372417e-16	12.964447642292823	1.0971404179699539e-15	-0.7174253980241005	700826.0	64.1504595714717	2.833466012529024e-15	130.40745255263877	3.8591747232465435e-15	175.81700156495208
0.4963780716745103	26.250040534408736	6.432346018925595e-16	10.795179182933177	2.105362723102208e-15	-37.332153131336774	705662.0	68.06346842273541	2.4197261767828393e-15	131.03273037382377	3.621526453289218e-15	149.56734782740116
0.4984700155471706	30.627977593150078	1.447404132587854e-15	3.9675038194552656	2.96685782932867e-15	-7.178090899341603	710082.0	66.16691640942831	2.652479144074548e-15	114.90254538964514	4.278138127939704e-15	155.4988864836385
0.5005629197057143	10.504533693989684	9.319533098134753e-16	16.150130724275336	3.522201573929916e-15	-28.901183511168885	719162.0	70.03169811097486	2.257140600427833e-15	129.85403136849112	3.9350759788652086e-15	162.80617922083076
0.5026577270006046	24.56299696888974	8.39312965038612e-16	-6.564979697130367	2.0390493827844313e-15	7.697655160917716	722250.0	68.52861407224435	2.4758465591793378e-15	120.41027750741219	4.1611495323200126e-15	152.95870282815176
0.5047518476887501	18.850678244444556	6.648473920213662e-16	10.458292705795088	2.455919537561085e-15	-22.636497883706717	731510.0	64.82355641925382	2.4561217499812123e-15	112.05982194195094	4.535721939994819e-15	147.0326636885281
0.5068495365362307	12.507090019861707	1.1172492404345623e-15	-6.803642591479117	2.0177185649177004e-15	-5.496410029292182	736442.0	64.91901472421934	2.29163330991854e-15	122.71074316916427	3.82131477167952e-15	161.07698490855688
0.5089429063346701	26.683527155453376	-2.654356828898801e-16	17.726589722321204	1.728474483334885e-16	-59.0062496187853	740898.0	64.18160721861454	2.4830239363602683e-15	128.32894517238688	4.048999216518178e-15	154.93462222498013
0.5110381283357135	19.856160788884736	1.0470783671237346e-15	3.0527288294521897	2.1006583060610625e-15	-30.313673050666498	750158.0	58.96152290860495	2.742520155128298e-15	129.99179149856957	4.174660810777113e-15	150.44802845836278
0.5131369218709732	13.980895498734169	3.703555386875881e-16	-2.3620790502240228	5.942735634762072e-16	-10.741572692669001	754866.0	71.21457162808495	2.837560397141963e-15	114.2866882711794	4.2953292746279894e-15	157.63203653587243
0.5152316029843532	7.250871277919916	9.627408109281053e-16	-3.6238907535422857	1.7848967842763705e-15	-26.0809760563651	760826.0	67.70473105917164	2.421440794962298e-15	127.00798040758407	4.1136722397855395e-15	178.25545907308748
0.5173233050903651	12.362282613868897	6.696352451491298e-16	-10.712046140657582	1.3879777190658202e-15	-60.45152439889077	764034.0	72.08413736679145	2.4065800538824935e-15	120.01257061214555	3.9135160349539294e-15	161.67656402620835
0.5194152249022146	5.581099675366912	5.213376437385593e-16	-10.255642845031565	8.680334310610647e-16	-5.728563850070708	773846.0	63.875840508887414	2.1036301903994383e-15	129.5664235249025	3.220456234791236e-15	166.31034914304274
0.5215115987032525	10.582968964245069	9.605476858756124e-16	4.09205866951757	1.6798844390527922e-15	-42.13484993236222	779714.0	68.63461542463548	2.264061961527974e-15	123.26686103424723	3.646194814082533e-15	156.01916322704596
0.523605645679346	12.82178064297715	1.0665940755435203e-15	0.5112502888233823	1.848454671953408e-15	-29.425189369970386	784314.0	64.27399910131271	2.396605929642917e-15	118.24596097197455	3.66649379326465e-15	159.1640514461706
0.5256976825081559	3.5180069636270024	1.2347235494740314e-15	-3.67842122718092	1.8761508414771387e-15	-30.891271873550192	791342.0	65.88961053905376	2.5521904051176094e-15	123.15104355944763	3.6479443385305966e-15	152.5824251544397
0.5277937638257132	15.183715111689857	7.370051995777428e-16	9.81086236422025	1.4313950434566897e-15	-32.61547201283759	799458.0	67.75077615589646	2.221694496055611e-15	123.71410254062955	3.959865881324888e-15	167.38771127818714
0.5298904113837739	9.16873108811249	6.804329161014674e-16	4.8756047381212975	9.146703572941344e-16	-5.653462068143178	804962.0	61.6494517796534	2.330212310009551e-15	114.27768073543761	3.602293061654228e-15	136.5979856220351
0.5319842612101567	19.254609780294963	6.369635570339101e-16	-4.336377326356109	9.619879657798993e-16	-6.203976171266731	809550.0	66.71561818949668	2.597558292909278e-15	107.03878467639116	4.234766591580346e-15	174.87735713388247
0.5340724229106822	12.687535774747623	1.4661483825912644e-16	-8.093695684809553	3.741460263083521e-16	-25.809620947295898	813458.0	67.11533722605144	2.269048173609638e-15	115.53144971153208	3.949651519888165e-15	150.75657515735517
