0.0	1579.3316872427347	NaN	NaN	NaN	NaN	1.0	55309.378075889144	NaN	NaN	NaN	NaN
0.002672746339979227	13536.757592908	8.408046314943131e-13	-5253.931951353983	-6.713853553290865e-13	-5851.584125858615	18.0	16310.182009225959	5.626520020133191e-12	30409.720501183958	7.94867628794002e-12	29174.34130956676
0.004672183071752521	19513.503325948404	2.910142858684719e-13	-2422.500290078649	4.4430532382769e-13	-1592.7153194843559	62.0	9113.860463871813	2.2704185801249275e-12	20675.405531633052	3.006551023285845e-12	26908.71223528197
0.006564167585221056	24760.41362239289	1.450196477085069e-13	-1416.934412989254	4.838605831271469e-13	-1667.0244007279305	98.0	8364.209216582009	1.6547268191941186e-12	17064.586705783484	2.310568037458501e-12	22669.303124890455
0.008504458441081823	27610.148060605115	-4.894254967767446e-13	-1539.5712240663238	-2.0089207370212407e-14	3.6063235084692495	210.0	5847.974417526415	1.1773235216574052e-12	13884.360424365028	2.1056737612799385e-12	17879.54952077687
0.010676353141326825	30962.94818939262	-2.7254488712583818e-14	-419.257407101191	-1.6575956398130053e-13	-1691.7974037479187	350.0	5260.176294692218	6.872005727787562e-13	10865.551693342113	1.0345310863712222e-12	14412.087400790793
0.012821736464951864	32388.199907150163	-1.5525143713564864e-13	-937.7929111036366	-3.254845896429585e-13	-912.6169162613592	450.0	4578.265363333529	7.751132844495047e-13	9610.717742716633	1.1749865852732856e-12	11621.924372919128
0.014811024481278072	33329.62915176155	-2.452760116824681e-13	-721.8123028184194	-4.885410857882721e-13	-526.2305736111115	602.0	3616.3480761239607	4.960044969500824e-13	7990.156008909924	8.681030872897021e-13	12065.681553250823
0.01680768479659022	32751.650591033205	-4.049883180496615e-15	185.31047212985487	2.060226897631683e-13	-48.4789400507547	762.0	3564.523160417999	4.924545709085931e-13	7062.406569481858	6.436186958645228e-13	10665.631246359115
0.018969752078038634	32429.23401896524	-1.7793951825837885e-13	-75.64139089958002	1.9438297495459135e-13	337.0861916731752	1142.0	3339.331055449811	4.2506726898920233e-13	6678.63999738188	6.181259513937567e-13	9655.312574875143
0.021139474258468342	31998.17202889138	-7.127262226007644e-14	-637.3501974528815	-6.818693271749462e-14	1470.4178638577605	1250.0	2838.5426665184477	3.1963805357773187e-13	6323.175368676136	4.713209257962518e-13	7943.246854095022
0.02316662612605558	31353.041375248737	6.340087848951939e-14	-144.93344456229485	3.2026904014738477e-14	-152.27378667251733	1458.0	2266.3501856388516	4.2166844045594685e-13	5834.839635764	5.244125390360842e-13	7618.23905813565
0.025193761228453515	29969.957267140177	-2.8097474870872976e-15	121.16276110356257	-1.9764776414055608e-13	213.42260219291143	1814.0	2247.4416410069452	2.9851061021102995e-13	4781.498893674242	3.9544836361201606e-13	7149.3692278922035
0.027320893792279304	28520.05093884293	-1.0146861717531274e-13	633.1102883128344	6.381040039633227e-15	-48.28134234536485	2178.0	1966.6153347198147	2.522737552359943e-13	4241.420532465182	3.49745343639631e-13	5144.51154526793
0.029434086525317225	26860.39843418024	6.307175460624149e-14	-459.87479411975045	8.606329059964154e-14	-449.1484939110241	2498.0	1689.2355453784228	2.383847765780785e-13	4314.023601226227	3.3366233825753366e-13	4904.623086404919
0.03145070173609333	25193.152021240865	2.1354174787450792e-14	-694.8532622657715	6.883402865414505e-14	760.3500246824555	2622.0	1775.8378105019344	2.115190015817155e-13	3623.1599978155746	3.3132145892281057e-13	5132.669152222492
0.03351999859451853	23902.22398332578	5.129003907071589e-14	13.572901266597182	1.157932915655296e-13	-700.4691507312458	3338.0	1523.1567327205962	1.9785447105374735e-13	3253.6853427471237	2.78336707491022e-13	4049.0472531395912
0.03567127104290463	22594.501139193388	8.214337636449519e-16	447.9712195347919	2.4814888266098306e-14	-236.43173977232232	3722.0	1337.5681124339721	1.7008122893291986e-13	2766.9868785261206	2.1955069990149925e-13	3480.1693631110443
0.037809089466011754	21387.857818652923	-7.912988751589294e-14	151.95221025446426	-2.130239502064916e-14	-383.33350922942805	4170.0	1120.7988496555965	1.6372268302307895e-13	2203.138387884838	1.9343519745668037e-13	4005.232046117329
0.03986962342462368	20057.46228381284	-6.173733764561431e-14	-269.4983558505089	-1.505245000395946e-13	494.86853010619126	4358.0	1162.2360359846243	1.3909001099992974e-13	2670.3502227840195	1.8991127315875813e-13	3069.331382330796
0.04192678301280368	19295.970011613328	-6.503212697481737e-14	-208.29962120021824	-7.189471886098622e-14	-545.4257307316811	5034.0	945.5535642578301	1.2194118712869482e-13	2638.670169046308	1.609654030946476e-13	3025.1041938741387
0.044049644283299154	18480.51442116401	-2.521821339140928e-14	258.9746013178437	-1.1958449213298068e-14	-49.229694318900194	5714.0	1041.2267672862376	1.2717689630063123e-13	2093.9182759748624	1.644686026389768e-13	2989.9761772057254
0.0461520765124625	17452.134060864526	-5.3213774668194094e-14	-166.28807576459207	-6.675707755556275e-14	-452.38121325156067	5982.0	932.1118571864446	1.3152432009276432e-13	2064.1965585315656	1.56242976272517e-13	2816.131657526901
0.04821654287098462	16764.245790329333	-1.0112076252475719e-14	8.827491904763695	-5.04829058134791e-14	-21.513029493335825	6602.0	875.6947634585694	1.0332072621999205e-13	1897.2841965992086	1.406009309558208e-13	2413.6971394917705
0.05028446778888448	16217.702657987566	-5.1034229311455457e-14	195.9242655047922	-7.39412575685081e-14	-393.3575679134361	7130.0	849.4497051533875	1.1127277202513285e-13	1945.359935607149	1.4127608201010488e-13	2624.970810568959
0.05239093180212778	15779.810081352987	-1.7340264602568684e-14	-6.503021806568846	-3.2824372416090384e-14	258.21032095076384	8034.0	719.7082586757898	9.872012356571179e-14	1774.49596437373	1.2254826017598306e-13	2286.329634204489
0.05451389022805993	15193.450550599591	-4.5400768687206315e-14	-191.0141272201897	4.4853690181693584e-14	88.60442993861679	8606.0	777.3144468698808	8.966870705667709e-14	1697.8673855684988	1.1053375246275572e-13	2301.067709987537
0.056608499535902954	14910.716144928772	-1.6098574223789947e-14	80.76709746450973	2.837922231929252e-14	22.222165713529684	9066.0	743.3793691918371	7.720514533209476e-14	1487.9184915363394	1.0776670519586933e-13	2457.8732279216338
0.05870041228185086	14314.49175066529	-3.6057221842510744e-14	224.77413124054715	-3.42315241016011e-14	102.47459404340788	9962.0	686.9469039676907	8.943442504363156e-14	1478.21958157539	1.1042785967738632e-13	1847.8083467478764
0.06079990868488397	14151.726206291012	-2.80493941944895e-14	-278.7408795349438	-6.275773407845822e-14	125.6061682298893	10550.0	678.9652610661377	7.850691596948955e-14	1384.944149545679	1.0631479899903574e-13	2150.286451766978
0.06288352399537324	13700.544929901618	-4.373772944601376e-14	-13.87479477427024	-7.502895086958245e-14	-48.08476246971047	11226.0	607.6038780433208	7.453833698424811e-14	1393.9435778800312	9.477097846487818e-14	1586.8084078664428
0.06496933863633478	13336.66534659608	-3.7740125098616033e-14	75.59810377832216	-2.5616047612258072e-14	-187.38379638116785	12146.0	601.9345301953705	7.668406474989809e-14	1377.5657737228264	8.798024702776511e-14	1747.6603671220819
0.067047463818807	12943.0194716433	-3.1494706236362195e-14	83.44565107346276	1.3567902941669264e-14	81.75268489220566	12606.0	705.2965595191195	6.668195850556187e-14	1337.6295890266874	7.053776289444808e-14	1810.6501161647336
0.06913175452825705	12541.078066752814	-3.401050447387959e-14	-20.579248035724987	-4.303574913766866e-14	33.87859779865551	13802.0	535.5691357724673	6.138748970388217e-14	1091.573634660168	7.13766374067086e-14	1747.313476533292
0.07124626098411652	12110.951155774223	3.930265359277712e-15	-113.07780034526805	-5.526024519498478e-16	-135.3746006428955	14754.0	524.648855926387	6.056035973849496e-14	1198.6175322695965	7.176202155919324e-14	1480.9603677586854
0.07334431226217804	11869.585112742247	2.7193765246713546e-14	-24.346578067381724	1.6002323887547335e-14	103.9101184005762	15194.0	526.187200735826	6.492577887302937e-14	1131.1628687446896	6.89683304307579e-14	1712.5381077198954
0.07543096140594086	11333.487830969012	-2.5684206576514583e-14	-162.4334769830587	2.7431076675094303e-14	-142.14332741055733	16454.0	432.92588936440853	5.1147302766314606e-14	1153.948324458828	6.393519007262397e-14	1435.0240187138645
0.07753278308483011	10898.228263119583	-3.897229336499392e-14	-87.30470335056887	-3.0992553786153765e-14	-18.320710207582906	17154.0	410.5454773581836	4.78186396984549e-14	1043.7970248240638	5.918148481602077e-14	1187.930432214749
0.07962965000734924	10483.43123490094	-7.715080019430384e-15	96.40781545000773	-5.2537998446075337e-14	216.9607248102583	18266.0	468.069942541679	4.79285550885153e-14	972.8299002258708	7.14866686470432e-14	1243.084527586668
0.08170723762107696	9999.16597538165	-1.759038544472041e-14	99.9249788138864	-3.5407586766700796e-14	-21.573345912968634	18750.0	509.13205969844614	3.942771362948255e-14	1081.8640403166478	5.2205657241994214e-14	1165.2016561955083
0.08379118810226291	9591.505286097296	-1.5436607510882882e-14	125.41257624622071	-5.8238811902780996e-15	-268.93398392818074	20234.0	427.3460010407606	4.4360645866347857e-14	860.1109733386575	5.6066683886177865e-14	1296.09894478974
0.08590228751037517	9226.389870975272	-1.7951208176698253e-14	35.46726253620494	9.74043062151243e-15	172.01030195685965	21450.0	430.00760338005716	3.8644304521721024e-14	1041.6691439660383	5.167078644374722e-14	1239.8717941694954
0.08800675061496373	8676.708412419812	-1.9344782769579513e-14	47.28071937675948	1.827589935160497e-15	-67.42284313348542	21962.0	387.88996208432394	4.226075836458743e-14	855.7602705309743	5.048985252833216e-14	1193.9676598826582
0.09009653920482735	8376.036471039482	-1.0494359454115876e-14	-53.78107992174	-7.601980236698307e-15	-145.17421268832175	23462.0	367.8564426670426	4.732726355135337e-14	817.9130896646215	4.6399328382516764e-14	1088.5965623297843
0.09218711218652552	7850.3439551877855	-1.5273247148058094e-14	72.62025862876094	-3.273135858944999e-14	-8.05741185365649	24042.0	393.8387821201847	3.8158520439974176e-14	867.4031587335719	4.599967217203578e-14	898.3796998421186
0.09428989135945491	7511.3596776847635	-1.3753810317328308e-14	19.755156217718305	-5.185238018488226e-15	-98.02739284160288	25946.0	318.5832150484981	3.286108191233377e-14	855.1598079975993	5.13049714931741e-14	1142.8766720759063
0.09638281571351456	7175.169554757117	-2.0115254937273504e-14	98.69673023491734	1.2265448811786517e-14	-38.22170905738464	26118.0	371.3073041393435	2.8298746715340487e-14	826.7062385681206	4.749678196312597e-14	1112.4383715139027
0.09845070847210079	7018.829363923445	-7.977171582270874e-15	52.494166198639284	3.232006457536785e-15	35.01851440295579	27506.0	327.32721908430193	3.6728857959786196e-14	668.7597254387592	5.3357280322520635e-14	962.5736092247499
0.10053577780376487	6694.933663559995	-1.4376962888822345e-14	-89.52261947132092	-4.7575447736555975e-15	-160.00366072579334	29066.0	305.18391575118534	2.9342898652734815e-14	723.5432300085187	3.720569942603561e-14	1087.762888094189
0.10264601037098249	6431.8589575432425	-1.7453277105804083e-14	-59.381627233462076	-9.290091598516326e-15	88.81083337681224	30450.0	340.3578309144436	3.4882270299856204e-14	744.4271102552026	3.885654918745448e-14	912.8081698844396
0.10475860326097716	6200.947062110126	-1.0803809029391754e-14	7.08549222265821	-1.6491653286388902e-14	35.1487604434622	31742.0	293.7879967005007	2.9317299106346555e-14	711.1404501984629	3.907146264254848e-14	819.2700901496493
0.10684869229362234	6023.338718101232	-2.3231474307282867e-14	-52.2661740634123	-2.3787087261475498e-14	54.48782028550997	32250.0	327.0780184098212	2.63451849131722e-14	727.9155445079341	4.3081441202248857e-14	916.9785273842698
0.10893752493866628	5864.490947896859	-3.8972642710651123e-16	-119.70442044079338	-6.138099682364635e-15	-13.378414077311755	34250.0	313.2448449245907	2.159207620122262e-14	598.7315247022658	3.5464684232728706e-14	939.8376869514458
0.1110411892736213	5740.177815500934	-1.6160223889184453e-14	108.28506961033654	-1.3011413764925905e-14	5.047785521941869	35454.0	264.8281904810555	2.613322741044694e-14	624.4402311927204	3.820135517436129e-14	862.4280070210206
0.11313480595029494	5562.9860613134115	-1.294720068053687e-14	-2.7974594094536953	2.649824004282556e-15	-35.41013236609075	36434.0	280.5700863515213	2.776578162396913e-14	683.6292918334896	3.5202477700616816e-14	955.6400632788917
0.1152129706138257	5440.56300557211	-1.9500263131637916e-14	30.409868093525798	-2.0115715391644545e-14	-78.49931249340968	37682.0	297.0322437064944	2.3045051735835406e-14	509.7970078513255	3.6917545180331e-14	753.477055289907
0.11729351893921021	5382.48249519384	-1.9255316407712392e-14	92.59372330325724	-2.4644690647845996e-14	43.42826286475215	39294.0	281.56922076810906	2.2953355137308193e-14	648.8090393986789	3.021927995490438e-14	860.8447382610024
0.11940098780082176	5216.270238124071	-5.011239968951484e-15	-117.5660686217414	-1.1325180527972158e-14	121.94673174162443	41426.0	289.44259585667277	2.4733695763743867e-14	572.2315466611158	3.383514836069873e-14	867.2601398411449
0.12150384743993768	5129.884305903104	-5.733488320173746e-15	40.26880803404225	-1.0585129509113139e-14	49.36835493543078	42066.0	276.98522147109645	1.7631330129314106e-14	476.3456477957175	3.079618185164548e-14	777.1343528655005
0.12358793676777693	5004.575705577504	-1.621639480444919e-14	24.62745122053009	-7.62475287498891e-15	24.277867267588448	43490.0	278.33271320379095	2.396167350267103e-14	611.2584375568682	3.265453667912976e-14	816.9373419089342
0.12568460921496086	4931.605657450578	-1.282436474976933e-14	13.89129482480707	-9.827299955002039e-15	131.35187544502224	45702.0	238.37537475300292	2.0091317897714726e-14	488.06009262101503	2.978841317222e-14	697.1212930105454
0.1277861902311609	4835.887483980305	-1.4150881116059235e-14	-81.45067269399756	-7.710513432629285e-15	-165.9745480057163	46634.0	245.43327363950135	2.0989547477933402e-14	520.8057994795736	2.8590821985324945e-14	800.9017243013257
0.12988369935931685	4705.674844685536	-1.7618682041371352e-14	-40.304385945279336	-2.2003300888784332e-14	-188.37781995303396	48554.0	241.96369382219436	2.1932532847780645e-14	540.1517210113163	2.8205566157430807e-14	752.1830917652295
0.1319589070411333	4584.4206726714465	-1.190475857991753e-14	-13.932986396416341	-1.2670860733929718e-14	-10.339800967528468	48870.0	252.18994492331038	1.9537755198315196e-14	582.8453532920486	2.970436405053082e-14	861.3905113014633
0.13403744728828546	4500.759311612874	-2.2540888640221262e-14	-61.07215578750044	-8.432013761077065e-15	38.995430823323325	51554.0	217.09070991089976	2.002910128935359e-14	508.09265358279606	2.498959139765129e-14	639.9212289197145
0.13615115228842267	4365.940320364	-1.2805465932706104e-14	119.78264780867767	-6.104838951755393e-15	-10.042053746298357	54090.0	220.5180755066579	1.8465871221124973e-14	468.2831853888333	2.2479014376487385e-14	591.9314001514064
0.1382564432429707	4200.899743329351	-8.096198325088291e-15	72.55656741963499	1.3024121384843311e-14	68.12700786839665	54314.0	255.47524237634033	1.8040486871803983e-14	499.95846551329197	2.5760447031645178e-14	635.5256371478125
0.14035137161572295	4083.6686659220622	-2.3172929312734137e-15	-39.857780212903045	2.0258331947993292e-14	-30.15911099769645	56910.0	231.39843046255817	1.543732796723896e-14	507.4470637698689	2.562898227351249e-14	584.934238208235
0.14244284612320735	3955.6975996490796	-2.6508782605299774e-15	-2.24687263701753	1.240059572994438e-14	116.65954312017261	57482.0	228.890838560133	1.5634357055014718e-14	548.7380269241577	2.2622399520925308e-14	646.5561077154042
0.14454035779251395	3793.296185412804	1.3994878538421652e-15	10.663387898759119	1.9952083556803113e-14	8.172137689523241	60626.0	222.61779963819058	1.7479535543484127e-14	529.1211000247655	2.4561971486528528e-14	580.6531811140618
0.14663929214532168	3667.099657136001	-4.402000789641771e-15	-41.53915334823807	1.5936593446837986e-14	-20.0922029750792	61206.0	226.45852143347952	1.7861663417076074e-14	455.75016960209547	2.358776891478271e-14	484.36118456616674
0.14871604867869329	3488.383510732774	-1.4632654808581194e-15	22.313020618452693	9.486278305547229e-15	-157.53315967174711	62570.0	221.96441241081052	1.643748664805392e-14	525.8287286274776	2.4983851831991253e-14	663.9193962510352
0.1508061818142672	3351.359972760202	3.0658509245250936e-15	-11.809944179718642	1.5772441477389837e-14	30.816989442202704	65730.0	201.94533856058257	1.7951929446961705e-14	492.80155611882685	2.36703532563745e-14	582.4851559596605
0.15290505954566141	3220.363357418307	1.999247722782719e-15	61.28099137418154	1.6474989353782867e-14	10.139972977817486	66686.0	205.3509102652179	1.3732817186692945e-14	459.94332362058236	1.9718030092004615e-14	550.2660044536447
0.15500844482409595	3118.027200172994	-3.589853673903636e-15	47.844455359024636	1.0076439744461119e-14	-55.29282788511334	69698.0	178.60658246197957	1.4646776887632623e-14	407.1563392015471	1.9867962767204984e-14	635.3973386908997
0.15710459625738382	3068.9317648760234	1.860113227400251e-15	11.994819197688823	1.6166022325080295e-14	-13.088072694974858	70026.0	212.13361148756613	1.3871486351826433e-14	445.7565106534512	1.873696541974014e-14	625.6194101642858
0.1591933727943052	2937.4707492868283	1.517815165047577e-15	13.887652852184761	8.61574289071902e-15	85.93243649912489	72746.0	181.46347368200284	1.3493090819249583e-14	430.0672773823868	2.131584120750486e-14	570.2167064772772
0.16129363465762192	2864.7370004156164	2.995708181184834e-15	-29.755208174409674	1.8870770321562405e-14	79.20001041090725	74910.0	207.41576078670263	1.529884153502015e-14	431.1174232875259	1.9632782635363137e-14	542.6860389837377
0.16338330069066714	2755.6564914350415	8.608796878151455e-15	-29.83604008614673	2.5820012896993088e-14	23.58203309637432	75722.0	196.96539042198086	1.2136465978435646e-14	398.60890280580804	2.0014777964972906e-14	557.7915611736593
0.16546643325032606	2682.4073111448424	3.785281316171997e-15	-24.329940783856138	2.4757973566077478e-14	-13.950764004559582	78378.0	204.49155604633813	1.2744711668464351e-14	463.947031327762	1.9039274040334942e-14	484.70760404104607
0.1675552986733246	2604.765859771713	6.651102586382616e-15	-32.136960532900005	2.0426980658933083e-14	60.635218945600464	80030.0	190.8343738181752	1.274245830390772e-14	353.97541996661937	2.1527152329780347e-14	439.04684398175976
0.16965477551444438	2538.4389010562063	3.892780005563094e-15	-68.67466119446426	1.6813493070249823e-14	56.14685340106781	83186.0	181.86811704149582	1.3000311991490503e-14	373.44454163627574	1.867061112047075e-14	511.4376421714075
0.17175823925991854	2452.412520858704	2.5821711047908467e-15	26.176155772275937	1.0552848186927398e-14	21.34024646276529	84666.0	179.30273514220306	1.0629500058356733e-14	383.4073379641483	1.8489913522054154e-14	514.2123992093882
0.17385538538974105	2428.658196006816	8.284294301324454e-16	37.6630888001161	9.469693039032183e-15	103.68042590497825	86546.0	153.7066187517567	9.976334859865295e-15	352.5438150392005	1.7116875972867064e-14	547.0924729823814
0.1759428749177005	2383.8280464182762	1.8147190389493814e-15	11.385346801828964	1.786991361105699e-14	-49.65792390128107	88134.0	165.4749572933446	1.0142774053635283e-14	365.3542057936352	1.7445658817416477e-14	500.8344372115288
0.17803867268749937	2341.2897283310244	4.596950305601254e-15	-20.55956135812474	1.0841144705940818e-14	39.55330143924574	91538.0	179.29382073991067	1.101951586143706e-14	356.88071667515436	1.835777796316541e-14	473.54123398862123
0.18014347150516788	2265.989397717634	1.6547641259782681e-15	-13.28836262082291	1.0829615179464734e-14	53.02931115016781	93138.0	165.36626336532257	1.1096202085887926e-14	348.2038103925867	1.784180930873587e-14	490.3887520121193
0.18223255842321823	2230.1962280285165	3.900379347225942e-15	20.82731628862855	1.1042518728401958e-14	-12.436906314790642	94478.0	167.47822944080605	1.1461104966481506e-14	366.4344500283487	1.8479626207593116e-14	516.2960760919993
0.18431984121140957	2207.494444187194	-2.3622498594512736e-16	-7.758300624619662	8.287628530036147e-15	-9.901701506515481	97274.0	172.34688722237425	9.997116349307221e-15	337.62455643147877	1.4612159079634587e-14	477.4239990360205
0.18641466711813712	2153.375938101141	2.6396424728046265e-15	-9.823237975813676	1.45844138189565e-14	138.60746653374156	99690.0	160.18713760255847	1.065132780109749e-14	352.8208349911441	1.587348695756526e-14	500.3286537329634
0.18851818993064448	2109.3578993410706	4.538760990606074e-15	12.259593790937664	1.581568908929809e-14	31.36710353545578	102590.0	161.2306007334957	1.0599872179648898e-14	346.84589277272363	1.3445232964350239e-14	554.9416308502557
0.19061816615855726	2055.6676361262116	5.52313238386928e-15	18.128780279264575	1.3761656986886675e-14	40.79363051754729	103770.0	155.28368450207972	1.0532462984810381e-14	326.1651225034839	1.3943362347766857e-14	501.5590188208015
0.1927075421401721	2002.8370210156836	2.8290750164351844e-15	17.81695373465583	1.398248805754184e-14	-51.920301878483805	106346.0	158.55320612905916	9.811125373190432e-15	343.6924718760132	1.5781804485034438e-14	491.7613410105901
0.19480182287446776	1972.2398751581015	3.3837804926432597e-15	20.44946657202906	1.2271978763363097e-14	-25.86109429495684	108546.0	166.75973118611256	9.273380895816375e-15	324.96569815070484	1.5636571170189662e-14	442.25307438295835
0.19688975174994605	1942.5507964026651	2.611068645002358e-15	-4.050544342225008	7.0140648959930025e-15	-98.34134967696347	110726.0	145.27276576576764	1.0200799562000933e-14	369.1187146860431	1.5913949373107556e-14	383.56359992066774
0.19897199889713765	1881.5905586361596	2.3565110225612128e-15	-9.034347573926013	7.258782285467539e-15	34.84617512790984	112322.0	151.317778866174	9.923235171471101e-15	309.05398984649565	1.1425515504275449e-14	447.0039046901632
0.2010569471447005	1830.7730684809692	1.7477044376317873e-15	17.371935792728745	6.41470248715331e-15	-84.34608612761926	115890.0	146.6141795707434	9.17174732778878e-15	307.11480497021586	1.4036638644352346e-14	423.16455136322236
0.203156266085195	1781.4293699172972	3.7192000322735607e-16	-11.813132176091429	8.344186419959009e-15	20.725483990960264	118766.0	156.97656303319738	1.0180616144827592e-14	306.25394026902023	1.3351881441205086e-14	416.84177493559423
0.2052706092735702	1734.1776443114688	5.1027302798237006e-15	10.448303376179702	1.0959156346176448e-14	79.00695486927654	122298.0	157.56399210922626	8.296230745389114e-15	320.4562288434744	1.5804880797210614e-14	399.0733131870371
0.20736741790518642	1693.2310380322988	2.8879498340148732e-15	-13.649073869243102	1.1314416627809304e-14	21.727547308222317	122090.0	149.06343139006586	9.22350202677655e-15	363.8545453085188	1.2797550607276611e-14	404.35913830637224
0.2094553456508666	1639.271515389182	2.4846917238734177e-15	-14.971499632998718	9.909057659762433e-15	19.85632585718339	125810.0	152.8745255713676	8.255062418693047e-15	313.9145213903343	1.4149834265849183e-14	460.68977750420953
0.2115487153625623	1562.8458444347752	5.571426176651041e-15	-10.404004696491873	9.028402892674028e-15	33.889674099060365	128190.0	135.36242059061726	7.286364554162766e-15	308.24964440473786	1.3637227146133908e-14	378.22619098000126
0.21364654350842388	1523.0509669652017	4.5037929315805586e-15	60.78908899143396	7.846294683816272e-15	1.1124244065334816	130994.0	144.81712323889468	8.516635247465833e-15	310.373715384848	1.431752760801034e-14	441.308087554744
0.21574572244793688	1533.4094682033087	9.368586401186591e-16	30.39822705676132	2.8789108442376944e-15	-15.965010126888313	133722.0	133.3990087524971	8.8197359343939e-15	265.4033156323114	1.2642210751350241e-14	408.0134806476521
0.21782557538221642	1453.3682067863926	3.727637537673482e-15	-7.423122173223343	6.92393354383487e-15	-55.009261848857435	133886.0	134.78172978605832	7.608744558392155e-15	308.16564226758004	1.0933096913429787e-14	407.57502212560655
0.21992122827382063	1389.4606831813653	3.575967257340283e-15	12.643718109681144	6.8014832339136025e-15	-54.2735962115238	140538.0	136.23080885381614	8.152840389556351e-15	301.3973536928334	1.2678713346964002e-14	404.42966487872735
0.222025046849292	1362.4940456990212	3.585419662126065e-15	-29.53725663252726	5.815204257703499e-15	-10.006652010701247	140594.0	120.21703865748287	7.867798518725094e-15	278.80266126328485	1.2303354378216064e-14	374.89452218219276
0.22411339188337273	1323.4975479210177	3.920501281575811e-15	30.664006209251642	8.009637238959003e-15	71.51577605174276	143594.0	143.69941232090883	8.70849154709706e-15	281.54461436821583	1.2469437941228919e-14	396.4177983784485
0.2262026397278257	1294.777465419882	2.107670203417685e-15	-44.988596986055235	2.1500378597851507e-15	21.313535628009394	146310.0	144.05157526938032	6.532793954228704e-15	311.5621718665596	1.3119198959235962e-14	357.615313751793
0.22830451058192117	1244.1229565579386	2.6740201671470427e-15	-0.7489840419937298	7.431027881084637e-15	67.57959972466283	150650.0	116.25298492446873	6.2935648778728235e-15	292.07484074170895	1.2420751192351029e-14	365.26475933538893
0.2304083592272689	1211.0045890770728	6.172984668471643e-15	-6.038087362891584	9.645479135460839e-15	88.7680203420553	151914.0	129.28896242877482	6.6984374745911544e-15	307.48433456712115	1.2561536336020194e-14	389.4084451054816
0.23249034210233852	1187.9191372436942	4.613561865686277e-15	-7.46228809367155	8.72570172675185e-15	42.41868536775286	153398.0	128.84400712921172	6.550051374865814e-15	283.728290492634	1.0096904245819466e-14	394.85701534586616
0.23457691220534552	1165.69252968437	3.6903239062415595e-15	12.173527525737345	5.926118380589933e-15	-43.063208229291405	157866.0	132.3752966564411	7.333032816308772e-15	234.46256590760404	1.1113699189194217e-14	342.69168164491583
0.2366739243473352	1129.7517085772838	3.573148893763573e-15	47.546880074248875	7.099046096875341e-15	21.475466425477958	160658.0	132.3567784211112	7.385137971684777e-15	264.7166872337681	1.1185103277595242e-14	334.6626218179216
0.23877501979596807	1110.2325607248617	2.646529841963839e-16	14.115217957642765	1.3842179221092756e-15	-5.575339196297012	164102.0	138.36790000546378	7.197160479400359e-15	274.6126622357804	1.0952092626930538e-14	347.6103367072083
0.24086697471189877	1094.0869505204946	1.0957076571157274e-15	-12.138180704888667	1.4172700939635425e-15	50.309423672918776	164994.0	124.97620517355219	7.480790743843455e-15	301.5942211781865	1.1114229723997515e-14	378.9100333461857
0.24295721589140443	1062.52067265314	2.742961487297405e-15	-44.67840308793811	2.434261778432234e-15	-39.61938562345682	169850.0	124.49130156019213	6.485286139493261e-15	262.0171762636369	1.0549195803416305e-14	345.7125883361372
0.24506264204813352	1040.7344967383908	2.017465160598021e-15	-10.954779863604259	4.196482269900221e-15	3.1606000682651554	172986.0	121.1578318537307	5.894098832423576e-15	264.0104174267861	9.422750361010988e-15	333.14706167440187
0.24715616459448875	1011.2783677570659	2.7559071178034152e-15	-2.142131520470192	3.313914532074323e-15	17.484065852917155	173894.0	120.3209884100324	7.005979811703483e-15	276.86683309451024	1.148546564492683e-14	363.9647282831219
0.24923680875048657	992.9005628204758	1.8159239830848976e-15	-22.047729580374074	4.125799802712069e-15	-23.2448658065332	176778.0	129.40888877205356	6.958193380520053e-15	269.17046550178367	1.1621217871966806e-14	315.3013785239817
0.2513295001440267	988.8740546642892	2.23829223476013e-15	13.785584647398172	1.2810602035660147e-15	5.315101032874785	181802.0	127.31202890900751	7.366479964369036e-15	271.20808614645654	8.70745269033182e-15	326.4302760206253
0.25343048508529653	972.3164565203239	2.9566144831068187e-15	5.440878141058138	4.849533890404373e-15	-18.554742310975527	184430.0	132.90044823980782	6.666487348760772e-15	284.5215486168583	9.933178030268772e-15	337.1095277274556
0.25552974003284246	947.1146017311825	3.677433647237896e-15	-45.34445859178755	7.0511231111205764e-15	14.407133585551627	187242.0	127.89586108851078	6.210449390132703e-15	278.48162874038655	1.0620416574552398e-14	312.6058709518661
0.2576245983098365	903.2224862526612	2.471795904892896e-15	-8.777060995861273	6.8011797079685994e-15	46.424004423842234	190250.0	117.61893109367162	6.173320335887627e-15	264.06243004950545	9.443723251667548e-15	333.1810407255674
0.2597164635916155	882.2175335553158	2.7372830630271634e-15	44.327988916722745	5.790266026290859e-15	6.362669762659646	192570.0	132.859826862063	5.872448445397058e-15	241.85987847944557	9.268913951085097e-15	282.34698847090385
0.26181718957783273	902.4186602709494	2.4673650776225375e-15	-34.845338712161904	1.6773211055653502e-15	51.43388501775124	198254.0	122.62486074207408	5.822688475424371e-15	232.07771764646083	9.291861693164908e-15	318.26477159448825
0.2639136507582234	863.7939267659683	9.694431091596713e-16	-26.49857582909799	-2.869147756187522e-18	12.266505732217839	198074.0	120.01536434827062	5.389037798016526e-15	260.1799381241801	8.928007581479166e-15	338.6663235817625
0.2659980051593398	837.0885308683677	2.818634534899144e-15	-39.43513554725378	2.647667116730786e-15	25.759732761305425	202050.0	118.29564008984677	6.434646451310036e-15	235.30408144130394	8.218533681282095e-15	300.7419417768906
0.26808572042998563	825.7880109895272	1.4993452962663334e-15	-32.04472495455999	2.5920000100830914e-15	-35.68905900032397	205502.0	97.83585128481008	6.1047440703672044e-15	261.31681871097675	8.256647088309749e-15	330.0328398182668
0.27018730748700454	791.1983858597969	6.312353886091924e-16	8.288113553405857	2.281935516185015e-16	5.067213111553036	210666.0	111.91221600618259	5.341769705315207e-15	276.8562990472375	1.0087312198518329e-14	337.41930905507155
0.2722880547425607	798.5699733456772	2.2406843654798408e-15	24.240209879454852	3.527047408894742e-15	90.55379022067855	212426.0	132.5547618594952	5.901668202868931e-15	217.17534811971018	9.176579232520877e-15	305.5841265379609
0.27437521596173836	763.3861143125422	3.0358316317195803e-15	7.983764585804856	1.5692656426297617e-15	-11.318740862172579	213918.0	112.18188508633347	5.3415617516838935e-15	227.89189599196766	8.48422818188497e-15	311.7467943621065
0.2764703503950437	740.4040594098323	2.2003653674268777e-15	-16.66653976277639	2.9847352274641306e-15	64.32767650114904	220994.0	113.12355155207516	5.287126670623725e-15	218.12951884515317	9.740655735868952e-15	292.0123574552961
0.2785704488769453	745.494272293421	2.0724115496646144e-15	43.53981228969736	2.6059403718810604e-15	5.86911970539893	221522.0	96.49863770630998	5.055551354656786e-15	254.24192436563447	9.050413315553555e-15	297.0049451933154
0.28066492543713184	704.447280754058	-4.43832180782496e-16	-12.98045871421362	-2.684209981638073e-15	17.64902244385522	226314.0	98.74354239741783	5.631478754935879e-15	226.65433292279224	9.037672005723037e-15	341.1216518770744
0.28275310350000704	673.8743174896404	-2.514203797888429e-16	-17.373317967684194	-4.0392310075137705e-15	83.18167795354442	227294.0	95.07519167837343	5.866167024190216e-15	222.098363760483	9.05710691426742e-15	270.05843629348976
0.28484336224216883	664.12861418618	4.2723040981953315e-16	-42.706414158721046	-1.5840989664920391e-15	-38.70845059017077	232962.0	100.97188144288809	4.793978560324896e-15	220.28277067428473	1.1016063099698111e-14	307.60242335095205
0.286947838858037	637.7688540112265	1.0492882514464757e-15	9.144205424087637	-2.635978728649242e-16	34.456609439399855	237818.0	102.64536289897495	5.37699130496532e-15	228.18972744676367	8.191460287823399e-15	280.6162344286879
0.2890464370692696	636.2835714438327	1.4178078975697605e-16	-7.833228995322286	-2.285539441408783e-15	36.34177072391815	238398.0	114.36951314239336	4.959936922692176e-15	212.23224178710936	8.039755715239379e-15	301.8541411453939
0.2911315944952805	614.2045770209616	2.0785941977057536e-15	24.706602794766486	-3.561723083399225e-16	92.9834604402377	241418.0	110.77715691405086	5.3497197663300066e-15	210.35723197129778	9.198222653940497e-15	281.918394670413
0.29322153174035864	590.8231339821831	-1.480179910847173e-15	-36.50652364184784	-3.778701572626566e-15	36.73747300070095	246818.0	111.19711804627553	5.263153942097495e-15	223.59804699549693	9.148527688053154e-15	253.1940858596906
0.29531882742196724	589.3052810448021	8.581242653791025e-17	13.593422625641647	-2.9413617176213464e-15	14.230712166887399	249906.0	113.0770686394166	4.653219423120674e-15	214.36107612924857	7.254826364422631e-15	275.79342280538435
0.29741782184837046	566.736548919854	1.2409046927531258e-15	28.85005316607992	1.2801339752778526e-15	66.98643014986583	254702.0	100.7566735489911	4.9981535559050675e-15	203.0037771260741	7.14069785072946e-15	347.71540099015056
0.29950725283489293	557.4620057182515	6.012434057863498e-16	-9.847194976870759	2.483477130401177e-16	-51.84401239823976	254418.0	105.41086821268446	4.918397760839877e-15	209.08954946695215	7.119423810015274e-15	271.13449353141243
0.30159148825515353	555.4050890243582	4.055331601838634e-16	-4.612814742593562	-6.259930748664911e-16	1.123442767169566	260354.0	104.66983416425936	4.823847309955386e-15	203.47629417973874	7.750819856631653e-15	294.103752939446
0.303687017237551	535.126601655713	3.4954893372155237e-16	-22.740434756875228	-1.5221154735283695e-15	77.28105371639131	264974.0	95.56981376927138	5.241770318811489e-15	195.3319745636581	9.608976181641423e-15	262.6293324200097
0.30578839183029116	526.8115098921518	-3.3595777395660617e-16	1.9800502579621178	-3.102429208901262e-15	11.704061304129073	268722.0	97.13535442735152	4.912386461502182e-15	196.2786413618331	7.570284824275353e-15	268.6967958898298
0.30788549008276433	521.2018082636214	-1.4016395072078382e-15	58.66810249978126	-3.7656708955737765e-15	56.14821731540273	271562.0	106.62676880418023	4.933372047084532e-15	216.7836646393892	7.793968935423969e-15	298.315254431739
0.30998159194508096	512.6498744912797	3.481938808692358e-16	-29.964116253606853	-1.3238271115964689e-15	33.2553974895057	275586.0	94.44694935096575	4.63925286484609e-15	208.7709459378178	8.941263460674668e-15	252.66644377792272
0.31208149304618216	494.1098618051353	-1.417685948566015e-15	16.027534263298815	-3.871845383266021e-15	5.150224527767201	280190.0	94.35871701484056	4.9584506149368026e-15	181.05336187082884	7.901564654086098e-15	265.8070128689648
0.3141796608475148	471.0990272940164	-3.516486922990278e-16	-6.10757331071105	-2.214719836208223e-15	47.4581195587848	282834.0	113.9758897065748	4.580705997472132e-15	201.47816012594683	7.016020510734615e-15	297.21509513423223
0.31627053823306317	477.58565568812776	-9.365478461861395e-16	-5.5914762670504174	-3.124009996104463e-15	-15.931376197546049	285170.0	95.70807899935109	5.3742051867505986e-15	194.42262354592344	6.8396763453518365e-15	259.027439317268
0.3183571361527939	460.73959239616704	-1.3902276075668687e-15	-36.83681010845614	-3.9934756942763514e-15	26.69183677348026	289886.0	98.78161352096984	3.947683517120667e-15	206.94357942327153	7.19183164380816e-15	293.9119433765318
0.3204517453432118	459.0951097496605	-5.146796649289931e-16	-21.380755321419556	-4.109811705375555e-15	-13.667345688413416	294474.0	95.31327903275803	4.2789306550615566e-15	218.57919213675765	7.048152649748509e-15	276.8993540819774
0.3225516106039077	434.2376700653807	2.332712970535752e-16	-23.500549534469293	1.1383022351533301e-16	6.529952806744924	299498.0	89.05030439238149	4.164430222148936e-15	216.08574147298995	6.6428932331752326e-15	259.69405866489035
0.3246439874381804	430.8291345780305	-2.885938152993371e-16	-18.772008213451056	-2.509608929414802e-16	54.72528968913181	299958.0	97.78660396784203	3.7377807549881044e-15	207.77543057052537	8.410111923789097e-15	271.0122134948619
0.3267329670798588	412.9008798438037	-3.862790325435061e-16	8.365834624393433	-9.739862236031484e-16	6.988505928059292	305858.0	95.35013448187236	4.218788578376802e-15	194.88834158555207	8.426025602656724e-15	264.04888682265033
0.3288295442562379	415.83342952634456	-1.2875150236393175e-15	-32.471734717552785	-2.530045626194662e-15	67.39159256833301	310794.0	91.0308569197279	4.422510073852989e-15	199.71665529526405	8.295662004668471e-15	242.12728178199666
0.33092645486675915	406.75308208903255	-2.111711607808742e-15	-22.036413509036446	-5.262861749106221e-15	-7.346862998630407	313082.0	92.00481470141727	4.5574068603439006e-15	191.5075775396826	7.33945367405743e-15	256.2394852147331
0.33301202944540276	381.88889608607053	-1.8439169743476577e-15	38.6366146918784	-3.592113851177538e-15	27.954296647794084	316046.0	89.53001222398514	3.9913354058132074e-15	212.86782057432924	7.022043184209569e-15	285.46306086220216
0.3351033811931122	394.0793594999891	-1.4883156746143867e-15	-13.62701659855854	-3.150061336596517e-15	24.945612153285364	322218.0	88.94500151470208	4.0678898191040015e-15	182.03552363850812	6.356439383790402e-15	263.0746224285481
0.33720859310991436	375.9495721139598	-1.135930890934406e-15	-10.417401857954813	-3.0372163871682062e-15	33.88554943197595	328562.0	107.17830969294512	3.8382849588670005e-15	199.66042158380182	6.6042092645031425e-15	228.61755306026149
0.33930591241744085	372.40869856583544	5.242868411464122e-16	-22.97204926947688	-1.2757095303856611e-15	8.386681264313495	327990.0	82.4921188888774	3.943904675723533e-15	176.54105602357916	6.923292727407152e-15	242.0810302990266
0.34139922040524007	363.70942476217385	-8.392148159180633e-16	-4.59362201869873	-1.7726082753262092e-16	15.271562853527048	335282.0	97.85109375235733	4.246936014266871e-15	185.90186484023377	6.963914435927421e-15	257.2688518663553
0.34349084860971135	346.02880203089603	-8.823588904629359e-16	-19.89660944463076	-1.873558508394208e-15	15.148627056651613	335970.0	103.30744674654906	3.770673777970284e-15	191.33893583793156	6.921065704438281e-15	236.98632359209594
0.34558591610222683	346.03189278145845	-1.6236251772000713e-15	-7.053973025299554	-2.2971886302348948e-15	41.0229121394994	344066.0	87.59567220515089	4.1252879836328354e-15	188.97213533778628	6.680167094682793e-15	262.86492337096
0.3476777772421155	330.6340932999571	-1.3467723598465746e-15	-29.237835779330382	-3.872921220877765e-15	12.199499829739395	343718.0	86.94154920836974	3.80069999558596e-15	166.8429775441114	6.324467714158784e-15	234.62672976177893
0.34976721832776586	332.9243688326748	-2.1227142670783654e-15	-33.470448676260965	-4.857742305582208e-15	5.812943111327334	351498.0	88.64868384290713	3.526806648572628e-15	190.1611515268211	5.598275155606495e-15	229.01879477983888
0.351864343557772	319.24904418773366	-1.5576365881357941e-15	10.93211693370212	-4.464417824467945e-15	15.904687222740026	354458.0	93.93802017662063	4.561942051803418e-15	173.26483618150596	6.3319448415684606e-15	273.5931396704641
0.35395714136271883	300.87342562032893	-1.817003140347992e-15	-5.921758176749937	-3.712336620323313e-15	24.917366332766754	358566.0	83.51983611435	4.298735947557391e-15	182.43276504165232	7.017577345051933e-15	242.67984491235757
0.3560593236004948	300.50541402484043	-1.7964588218385246e-15	18.87282277642222	-3.0079527012587307e-15	18.141553766219065	366122.0	90.24408049583197	4.237486714957256e-15	153.14645003967587	7.21788354976311e-15	253.29716272091966
0.35815671744303396	292.81492524650275	-9.260467442436748e-16	-26.51982089520724	-1.774951986257617e-15	15.47610920725913	365810.0	87.99341648126283	4.204278597992955e-15	162.1088467393499	6.538445877662248e-15	225.38283948087582
0.3602456749901394	295.36734873319875	-2.5737026535940474e-15	-7.923766654892104	-5.4222696515824555e-15	34.2041545583932	371622.0	89.64746130483533	4.333409384543693e-15	167.00548673639457	6.192179919362748e-15	242.73086914506194
0.3623401528562886	269.06581834035336	-1.1311763727795706e-15	-5.179806160457077	-2.8847155337015607e-15	20.48176397384595	375986.0	86.24638203647375	4.112547659425981e-15	178.65528655326958	6.8218993472117175e-15	265.73532501194467
0.36443814488667714	268.9173397853513	-1.133707125939968e-15	-0.6952859848056667	-2.8909472829687816e-15	57.44746622931444	382170.0	86.71936354549491	3.6638321148090466e-15	165.05710842682234	7.132701720260758e-15	213.04091290500492
0.3665292802552212	269.8519063122033	-5.87162094745948e-16	20.47678860355691	-2.582109366466432e-15	45.70118413306725	381818.0	91.23415764831137	3.729316487761032e-15	167.63546987282828	5.86738084435094e-15	243.06681318810118
0.3686158108380582	273.37476500764586	-1.2861824130999886e-15	3.1079233426333337	-3.4138250148993333e-15	65.20505873870488	389574.0	95.77324969596154	3.903349259805346e-15	167.9504811798547	5.850533446257285e-15	225.5519673539204
0.3707114168823465	259.66272822800124	-1.5968722472962525e-15	23.790639569253976	-2.6720527492770772e-15	26.962202520035024	393698.0	84.35175603736145	3.529717639450693e-15	148.3018384091386	6.291151315673137e-15	228.4430546520565
0.3728094494920944	261.0497180696736	-1.2928847662475776e-15	20.12835741388303	-4.03863961618741e-15	74.91030610801648	399458.0	88.83503862326872	3.873990072495089e-15	182.96576428122722	6.466229929743244e-15	230.74785977924722
0.37490520593778603	237.6628105378512	-2.711136397669487e-15	10.318383799937003	-5.942455985913729e-15	-4.024944601472527	402222.0	81.39638074167995	3.424391268814757e-15	154.4213876083406	6.751265147002782e-15	195.40087309338503
0.3769986984086737	237.07696541925964	-2.2032766955008927e-15	17.97095198298222	-3.721745911527957e-15	21.413818786529045	406922.0	85.03967163041783	3.859628874103826e-15	152.66289047730135	5.44052243069696e-15	203.20673057967866
0.3790948093112029	234.61086654736474	-2.8509165905596215e-15	-9.324741730498356	-4.3457126857819155e-15	52.769099900298514	412842.0	87.44320235589655	3.801711747762259e-15	171.12960675831593	6.880141332621772e-15	234.89833897025082
0.3811904196324632	226.32321434511104	-1.8626272863076566e-15	-18.801788864630282	-3.5750557008596305e-15	-6.188927076198372	415346.0	81.64428180445424	3.920224755022505e-15	176.22318612533675	6.3255575262596506e-15	215.01491592114104
0.38328254569607956	225.319112202634	-1.851706051196076e-15	26.156098710945326	-5.4638626495306955e-15	41.8839685915598	421182.0	75.29341339811607	3.4688491986480653e-15	151.9393408478705	5.55695994562147e-15	198.3928131499466
0.3853768048451913	223.86266823856056	-2.4796552536342595e-15	-10.302811473601748	-4.798843761735708e-15	67.91751135376062	425018.0	75.84863102725701	2.9658094591195993e-15	167.1332330191876	5.750314218113639e-15	222.97536206624974
0.38747310879174657	207.5964912778144	-2.500908478261891e-15	-8.009301705974476	-4.111539083414871e-15	16.01355179841443	431138.0	81.20452374891107	3.555528120080346e-15	161.8865656134631	4.970308456736426e-15	221.29348078429115
0.38956847242602344	203.25244643273123	-1.8497385193381522e-15	3.7499041205541017	-3.3341153508388825e-15	11.459701404285557	434382.0	77.72003838530232	3.460521753833254e-15	151.7888847110789	5.400439961410985e-15	203.9461501491058
0.3916629057081188	193.3795229730388	-1.7582773881517162e-15	-3.686015806627676	-3.6142515429037785e-15	11.27301114897476	439514.0	86.44035718857279	3.7641925969094075e-15	151.20916441540703	5.5519884867322194e-15	189.0501533557976
0.393757983220179	222.6808393609602	-1.9182939363135705e-15	20.20007644830754	-4.159173478455289e-15	25.621571218810992	444738.0	87.81481799359234	3.190737795574879e-15	144.79481147709978	5.587997098870296e-15	207.50354195644738
0.3958542107026194	200.63000916216765	-1.732511358530139e-15	42.143691978403766	-4.550856901651981e-15	42.395118243428605	448910.0	76.13453198255759	3.1902595544720584e-15	153.53735333934804	5.088929027941743e-15	224.25479286961396
0.3979410613100287	203.6684313995164	-2.8409769497283286e-15	-7.518511247829692	-6.753424767339513e-15	49.24787690671286	450618.0	88.97183450630752	3.1682627900248328e-15	162.0112692888615	5.623484884876734e-15	229.88027983737427
0.400031222268962	194.69750527728254	-2.586730994579671e-15	-0.4386335796416719	-6.101080094768467e-15	13.971610791028132	459554.0	92.89013286549151	3.3879832532760085e-15	146.81098765070044	5.142192029582555e-15	238.32415054375898
0.40212821855496034	174.89294730097993	-2.245982876674368e-15	-2.7265942351148897	-4.210107634812965e-15	20.58058502928579	463106.0	81.99375474276921	3.2229796644587284e-15	149.7897365835436	4.945983345097874e-15	204.43722936194212
0.4042192291566213	182.90631723590894	-1.3038660005503127e-15	29.78872461003844	-2.4180207451911773e-15	44.20856127580166	467094.0	73.18037192149977	2.9232345681978803e-15	147.95824476366778	5.393915804957968e-15	184.66247245467417
0.40631667801378574	175.2229338722952	-1.0189484239803961e-15	-4.479791585639996	9.036744016482999e-17	42.73132285789863	474938.0	80.46841581608369	3.3612011161456186e-15	151.18290607993353	4.9783963567125094e-15	197.76543828722654
0.40841358559262536	184.71751731392513	-8.1250942733939765e-16	13.485694138480898	-2.5581323745776963e-16	30.279955552514924	477186.0	76.09580172037508	3.3833910465731722e-15	160.8854422327721	5.364836068173784e-15	211.47911734392318
0.4105107377095842	167.37004996078585	-7.203728691557549e-16	9.574079809870362	7.418203252038554e-16	29.17133865521232	484670.0	79.51079892176703	2.75940949622779e-15	156.34974931116525	5.764902254841288e-15	220.7335084386372
0.41260769511212964	165.72519488509545	-5.013851846728321e-16	-12.630981225283103	2.6573758532814523e-16	30.774077760131323	487010.0	77.97320173027987	3.344207501912683e-15	150.61553433951715	5.562904039695018e-15	209.72254609494823
0.4147015326763686	165.3921371120927	-4.466430052642935e-16	-8.735591595526577	4.534960316585274e-16	49.32955816392626	493314.0	78.11960469802013	2.814682360298232e-15	149.9716975180876	5.532603820149826e-15	223.66288833192996
0.4167952953148375	158.70565514147634	-6.971981519261746e-16	6.768405767602469	-8.205570775735988e-16	27.801821518486133	496322.0	71.04261931885212	3.3480165231619018e-15	143.5164710279754	4.301524773868324e-15	198.65094298102002
0.4188842397803977	149.15480999778606	-2.495404186985948e-16	21.52566825907572	1.3657947714733184e-15	34.89461989391232	501702.0	72.98681534897746	2.846433843825347e-15	137.1556151428298	4.788338396195779e-15	216.65964452950797
0.4209783533233601	160.4525812779115	-3.4149075543541263e-16	-8.926169128322378	6.195686449825483e-16	36.1123289025187	508562.0	73.85638417087603	3.2347323895838332e-15	155.51527529274838	4.942732729343163e-15	212.8774547197025
0.4230778150374639	136.98695511019494	2.0356150526367515e-16	20.10346519185269	9.644722285655423e-16	41.179879086239055	514242.0	72.41494829199333	3.276175798816411e-15	150.62841552521155	4.85631203820778e-15	231.13506000372294
0.42517152709832173	153.8565190863386	3.3512950663672567e-16	-10.578511688241138	1.8982703026503438e-15	26.634189497023907	516158.0	75.68114079959153	3.1261403858629273e-15	145.4364756080454	5.0013604490356045e-15	171.82859844256686
0.4272622791999099	129.17878934580096	-1.8442602106077551e-16	-14.767626786875011	-1.1487190899784132e-16	14.918182867432725	522602.0	71.00477388819188	2.6968807446046427e-15	131.8615212663804	5.6750889516250194e-15	181.6736040133431
0.42935980929285517	142.83326570733388	3.56434456430173e-16	-2.436090500813443	2.243252283703372e-15	37.04729029430095	530658.0	77.2670515061737	3.013677722785836e-15	148.80325015959224	5.3031575301211805e-15	208.44640935154837
0.4314537050668058	141.02545538549538	1.082701049477361e-15	20.742352669986335	3.0041957597308148e-15	47.714605814962496	530042.0	69.21705476325353	2.8474105154993507e-15	132.7205035155908	5.0497673335580274e-15	201.03672922087102
0.43354262987550957	138.00185508520428	1.5741092921318027e-15	-9.61783657469284	3.122485852610003e-15	76.40915398241266	538878.0	72.95097980423289	2.929560414804646e-15	130.67191844809565	4.5761381020744594e-15	201.79214979004288
0.43563820294805433	136.27968983416275	1.2949318852626498e-15	-6.073139151689106	2.4514142542615167e-15	23.355661235753214	544130.0	80.93035030347163	3.4792635622491677e-15	145.81613511639736	4.283794448136248e-15	207.54025855720698
0.43773811102942584	141.53549922000585	3.504446738269427e-16	0.8722148398353502	2.138980813168498e-15	25.969990948831956	551106.0	66.287094003055	3.2256426017112835e-15	139.91904412875203	4.782719085557919e-15	193.41870924519822
0.4398353804298099	128.24375307809774	5.711708440723622e-16	17.9985025968932	1.595393466216786e-15	27.478120365686983	553982.0	72.98341911908832	3.4498099475983437e-15	145.12080792962095	5.265891670336658e-15	222.06333750810307
0.44192809813891515	129.2928733809352	-5.442899762429096e-16	-6.162271526726673	1.0322211649057822e-15	13.185608377649032	558242.0	66.95217180552245	2.8761981686800014e-15	143.59896855434891	5.125668552163635e-15	196.4083602191682
0.44401907492719583	132.92738734959428	6.885590476420292e-16	-21.354408124987735	2.657481990187329e-15	46.16702629392003	564546.0	75.39849042775599	3.1945085678157055e-15	131.13247721108218	4.797477659216888e-15	219.97166664790092
0.44611350315747617	113.8064367144433	6.175562633599777e-16	3.657762709834097	2.892374772761846e-15	43.01669469255752	570494.0	72.66219290319154	2.960636311489027e-15	136.36776079414074	5.2060274044920276e-15	167.95468789651676
0.44821126611811224	117.05647941837165	6.828707650152977e-16	-5.157642049746011	1.9587188734000597e-15	10.00556564932162	576762.0	69.68426688277196	2.917379304207978e-15	127.60195188158998	5.6226257840352385e-15	169.20651568792994
0.45030248279419327	111.1894374728678	1.053047317223328e-15	4.656091618228934	2.4266373997494913e-15	39.46558017132603	578234.0	71.0473375746623	2.85083061099005e-15	145.3055351069764	4.32450067077391e-15	201.46712516887166
0.45239181614020907	108.23289894823027	2.4404460156429035e-16	-14.172677169579783	4.161186038400884e-16	60.56995814823212	585666.0	75.11328417777831	2.9951203983971387e-15	142.96986739649859	4.430325820172497e-15	190.53193519599748
0.4544890346882619	106.32730132543112	1.02270719775366e-15	8.926608089618885	1.97516106521135e-15	52.177160989733395	594446.0	63.47949180257909	3.0358672573523314e-15	143.09536064260425	4.8812126566602996e-15	182.4367724601491
0.456585216147401	105.37005459797416	1.3108176807339293e-15	15.512496145027088	3.1833271319212965e-15	31.10026449061093	595250.0	71.25690893905536	2.5604289446676283e-15	132.54816109362264	4.3462650862705185e-15	179.26765690696269
0.45867738260409396	107.23422050242762	1.6489015963461497e-15	7.165228159867378	4.141107049578787e-15	26.727149717937845	603402.0	69.96920819359285	3.144960449500873e-15	125.01819175196192	5.026263447311906e-15	179.754855543899
0.46077126751930486	103.33618285124658	1.0209680034058404e-15	-5.873363004954491	3.2067031126318092e-15	-17.099684935222303	607382.0	62.53748492804191	2.613085816065445e-15	149.00790922751105	4.5426869986871274e-15	189.7439823122873
0.4628700066996915	107.46595381282478	3.1837985777155347e-16	19.703444564393983	2.712104834967137e-15	41.359099449767584	617010.0	77.6956300860207	2.584233448138831e-15	105.8975773855055	4.3245364137644006e-15	194.20528203884786
0.4649651542939671	94.95265613044941	7.447237164980121e-16	-22.48355477798064	1.2268879368507536e-15	35.68210941010993	616778.0	73.22240611095009	3.051290821821759e-15	139.04706451796665	4.191163881401275e-15	169.90479332001667
0.46705540142808394	94.63107206014773	4.48185550972839e-16	-0.4953020742899162	1.0830621740749609e-15	76.23302011652954	624746.0	72.98789042808262	2.6397949119240323e-15	123.5543433828947	4.602535530692789e-15	174.96125727320404
0.4691447986162664	94.09435603025666	6.003030445152662e-16	0.8601187519064806	1.2162022995660757e-15	10.773679478703649	628062.0	68.41193900910831	2.6194722121960956e-15	139.70482511033626	4.920075932713718e-15	174.95854654390178
0.47124096432230705	90.06256478680754	5.649178363992209e-16	0.5453117309383384	1.5818847780012615e-15	44.90855451968663	639410.0	78.46304189056183	2.4311359274795104e-15	120.55334785373496	4.996781084507407e-15	162.7432480537352
0.473342479383577	94.54231566492365	1.0492525035867707e-15	11.686995969057142	3.199237697112222e-15	64.35498039882577	642954.0	72.18385182839006	2.4313067243950824e-15	135.03559611935106	4.2811914650635035e-15	193.16939028872537
0.4754357028575096	80.74124001785745	1.5669459088688605e-15	-4.779758041058032	3.564915997898554e-15	12.828781248074732	645974.0	69.30238098850631	2.074591174839746e-15	121.05378150582357	4.359071427178059e-15	181.58442771265894
0.47752814754178546	89.78337332368181	8.394770803767467e-16	-15.79154066083056	2.236834981185497e-15	27.17638464787904	653490.0	71.34669339051597	2.4178620760369417e-15	135.53716602452596	4.615558383995529e-15	160.48548678338145
0.4796256471936639	87.06271413191807	1.3810156995499646e-15	-7.875334875219283	2.0999384421408224e-15	46.597850784176515	660746.0	71.84561888820609	2.2449448915136257e-15	123.53766139433856	4.589828532185095e-15	179.49391889666276
0.48172253897996287	85.16235893193937	2.299256908581407e-16	1.5312381011404144	1.8543651604086223e-15	3.3692255888224945	664646.0	70.7846677288095	2.5151874330059117e-15	122.77440301098143	3.5545601251288075e-15	178.86355286284626
0.48381151293993485	92.3980061230528	6.96802132856916e-16	15.054086656494016	9.422921939782608e-16	8.346566152355912	667290.0	75.64870899293473	2.54354247235162e-15	132.50191421143336	4.4135507763416465e-15	162.23529237760746
0.4859047007743125	81.27217043142879	6.974836602763419e-16	11.990211367392279	1.6151708779323729e-15	36.65544875893012	679034.0	65.28711187415077	2.2744607617658613e-15	131.37483919320226	3.930952197300716e-15	155.93629137037686
0.4880045536910571	90.296645966493	1.3449098326557214e-15	2.554299412690472	2.621666569918192e-15	35.700684118498685	682722.0	65.80964663952987	2.3171538253865753e-15	134.89986726837284	4.253934198421085e-15	171.6360305263678
0.49010377790193255	80.9526406309553	6.772918344863561e-16	-14.11824018175009	1.6222216079551482e-15	17.65139194648966	691238.0	69.06109213022353	2.433567067613901e-15	130.46805165244788	3.675256620685416e-15	172.82375406379384
0.4921950422577814	81.0453421436761	9.40106092742755e-16	-6.832446245596384	2.8534841336688016e-15	41.58677811041186	688602.0	66.35513072387053	2.6469518893493422e-15	133.57205376801934	4.1016475748561145e-15	180.73485992365394
0.49428252543570406	74.73267832374306	7.623486271029198e-16	-27.70752117800376	1.0908892162633325e-15	21.18654257333372	700826.0	65.35739202650608	2.857178794689565e-15	128.06133635089037	4.545176380070596e-15	174.59566169623477
0.4963780716745103	77.71825092391691	9.141974124199886e-16	0.36594555905517995	1.8554161701000126e-15	24.155008009449116	705662.0	65.08534144994181	2.5401163006074495e-15	128.39407258125865	4.829083569786892e-15	145.960356628962
0.4984700155471706	78.49929498868082	1.5124960437857048e-15	4.662406495921503	3.259738324102736e-15	50.77593598934861	710082.0	67.22755626812186	2.5934407359280697e-15	119.82774039283113	4.521458356699927e-15	160.34720850763767
0.5005629197057143	76.31643166607977	1.1787992400816304e-15	-1.3688141258170838	2.3960483458597032e-15	25.989415858057995	719162.0	61.10287641324589	2.4216725418872193e-15	142.40950376780748	3.5493574670351852e-15	175.08382757848221
0.5026577270006046	72.01921498621633	8.922067714655235e-16	15.495431903495167	2.159012829932178e-15	40.799364800186794	722250.0	72.85004088124394	2.558555797507672e-15	115.24078249336293	4.6961565893088095e-15	177.98391402766106
0.5047518476887501	59.47425949668131	1.161739933396187e-15	16.194027560236943	2.0772304238666182e-15	48.90312822444832	731510.0	66.13842992217151	2.4088184190507663e-15	120.96301179747508	3.9730186701717124e-15	164.2614508590394
0.5068495365362307	83.03474344421129	1.163446515063109e-15	-1.2895442758801068	1.6146190015228609e-15	27.88884713132565	736442.0	62.88391880065725	2.0615785035427346e-15	99.59868397387393	3.3038366856491172e-15	175.52246072867803
0.5089429063346701	76.23403316641908	1.5183213773136667e-16	5.308486464099421	8.171693194917715e-16	30.327920090054548	740898.0	71.44354387779778	2.192024003991639e-15	131.77714086358768	4.1982211648968e-15	163.11907565164614
0.5110381283357135	74.31991593951449	1.23099816301018e-15	-15.737455228428653	2.1929564313388893e-15	22.36078142757522	750158.0	66.70081721358909	2.9841540853749943e-15	122.74834675262932	4.428421301321776e-15	169.56364812144415
0.5131369218709732	65.84385061872362	8.825304584855209e-16	-16.604517402311846	2.084035311499177e-15	24.710359859484335	754866.0	70.80697043564574	2.0818292472841837e-15	120.64594783473848	3.767401264159099e-15	148.85926195448823
0.5152316029843532	72.22407405786416	7.354935075534748e-16	-0.7549831548001962	1.7896873862930734e-15	55.38426734289084	760826.0	75.94812241406132	2.1629002800540516e-15	126.48814774031555	4.152046157412371e-15	144.03473146983632
0.5173233050903651	56.98895806351983	5.835583936454519e-16	-2.1037397448351673	1.5213683611225487e-15	8.046458882169972	764034.0	61.15980659238308	2.2095388624304878e-15	110.8816284170373	3.260470763779386e-15	167.15418973311802
0.5194152249022146	51.4012437653681	7.457430400834052e-17	-7.247470565278485	8.382853978230513e-16	36.68512859402053	773846.0	62.59741610572207	2.2493965641508512e-15	109.39448769494757	4.219699173258449e-15	176.95301845526964
0.5215115987032525	60.368073966031105	7.565150064294255e-16	4.862994971963123	2.239492622455825e-15	43.99415080011403	779714.0	72.61076428164067	2.5640354044370083e-15	123.1038423324995	4.147440524936317e-15	159.57732852257018
0.523605645679346	69.89978529062226	8.66019273345135e-16	-11.482457625506346	2.188662519877462e-15	44.04433143276893	784314.0	58.03556630102296	2.3524776190868966e-15	108.2898654199403	3.957202575522256e-15	160.56730721720245
0.5256976825081559	57.20370765283244	7.219109651505994e-16	14.810206860096905	1.8353729571560984e-15	41.19628380506115	791342.0	61.41376931079488	2.3942007291584282e-15	120.26594816723991	3.963780867583434e-15	170.58100405529552
0.5277937638257132	56.947415722575045	6.901466905980049e-16	-3.5921943405820387	1.565762001251136e-15	71.48585607361498	799458.0	60.384740666579155	2.2127166434146318e-15	103.93366431355206	3.658833901653415e-15	158.67208821592587
0.5298904113837739	73.3650947430642	5.311704574022691e-16	1.5180942719003636	7.015417842367006e-16	43.24160324660631	804962.0	62.50892480117629	2.461396303694044e-15	133.7625059249946	3.4614766957105726e-15	143.46638612639882
0.5319842612101567	53.00548855566339	5.244084563969038e-16	11.309411400475117	1.8572919153577828e-16	40.118055123918936	809550.0	57.693631075607584	2.067337658041068e-15	115.83841916111305	4.146927453823254e-15	157.73769633242506
0.5340724229106822	67.40856587017429	4.595297256735093e-16	16.790071093840876	1.2370386844233057e-15	41.40817349002348	813458.0	58.37139921856356	2.4271788088233575e-15	112.77299081067589	3.871665432318559e-15	145.47833019263746
