0.0	-1643.0555555555707	NaN	NaN	NaN	NaN	1.0	40143.62177545543	NaN	NaN	NaN	NaN
0.002672746339979227	13731.500551208981	2.500249865303853e-12	-1894.9281552117163	-4.0598449009324527e-13	-7848.1945129669175	18.0	14695.903262986032	5.174040875234868e-12	28981.540143210994	7.452251769797463e-12	25268.49493665547
0.004672183071752521	18332.591024812475	6.602186253662761e-14	-2229.6633168048957	-8.645057093838413e-13	-2831.281453996178	62.0	10023.183402303865	2.01050035209786e-12	21244.5985480817	2.6399824226299818e-12	31138.906985222377
0.006564167585221056	25118.05144079442	8.233372055864766e-15	1092.1792157827026	-4.637398864105644e-13	-3565.654343911727	98.0	9382.928322917307	1.7566298715698366e-12	18971.157192944116	2.610962709166025e-12	25676.156011573567
0.008504458441081823	27857.827310098597	-8.848523060026283e-13	-1318.5488935286737	5.731916206394514e-13	1668.6314775852986	210.0	5949.0464183776785	1.2186499835635879e-12	12193.289836291528	1.8678178896633087e-12	17185.693853892353
0.010676353141326825	31363.680813165563	-2.2432133636455944e-13	300.05190229057405	-7.220332579924611e-14	641.3715484432581	350.0	4958.339521426376	6.045807993546108e-13	11700.68480087715	1.0979498213561812e-12	14151.944687182948
0.012821736464951864	32553.756092509917	-3.460875616512914e-13	-1104.0583425818959	-5.563853101452507e-13	14.908680890350347	450.0	4343.911600032082	6.795763444857971e-13	8890.033258931031	1.106862773561826e-12	12490.214218870842
0.014811024481278072	33283.70662227106	-5.484893521628798e-14	640.0773881908742	-1.5530070398996203e-13	-1249.7730111010135	602.0	4055.0864555078674	5.820603843596698e-13	8682.257115416232	8.865392042321628e-13	11718.500550322391
0.01680768479659022	33185.78466367937	6.938434635305382e-14	582.0767089778128	2.7316520507124637e-13	-875.337039517511	762.0	2913.776803976135	5.016548079077741e-13	7644.384446843937	7.082343251534614e-13	9440.736108527704
0.018969752078038634	32245.158563287612	-2.547702990262999e-13	982.1535512546616	-2.1425125927257106e-13	-871.5599108727465	1142.0	2336.957762830522	4.429902646200903e-13	6655.944078653976	6.31267416752247e-13	8262.25018542924
0.021139474258468342	31023.43307111268	1.2156516414436586e-13	243.72776485960134	2.6710761329028484e-13	-1369.4376283856088	1250.0	2612.936274909499	3.486133198117296e-13	6097.287662499571	4.4004836014946187e-13	7319.4214226446165
0.02316662612605558	30373.445350482616	3.484096407217928e-14	74.92847576223811	1.681736162012312e-14	620.5999719860063	1458.0	2381.9464848045777	3.953419491553526e-13	5453.970556945537	4.439916684277413e-13	6933.878681843878
0.025193761228453515	28727.862017980355	-2.602665656393147e-14	-1041.7369214573644	-9.843515539487835e-14	619.8816866503607	1814.0	2335.0696855538395	2.845614150353664e-13	4312.291662779753	3.7056669543489993e-13	6051.00394129241
0.027320893792279304	26396.654524984904	-9.859246979320435e-14	769.890626882574	-2.6735800271389662e-14	-749.3701480391825	2178.0	1755.8039916826817	2.0647230475893767e-13	3610.0027818159924	2.890188034029085e-13	5136.129928879216
0.029434086525317225	25135.719174718568	-2.3611615630889984e-14	157.73372870535368	-4.207548549904433e-14	-115.94200195978756	2498.0	1509.6155643294467	2.3524471474284364e-13	3804.3760290186033	2.9208760306521353e-13	4294.825840120575
0.03145070173609333	23497.937770235232	-4.784046025773273e-14	-150.9736883125645	-1.364403161901298e-13	-477.891475623132	2622.0	1632.6260776077888	1.9361032549744736e-13	3501.115491839788	2.747219021884041e-13	4591.058079236137
0.03351999859451853	22145.2587304639	-4.49220308688089e-14	-109.32278734570691	-5.4293409321322214e-15	681.6790744639983	3338.0	1140.9427019164125	1.6759463385658525e-13	3275.2596377906434	2.3898055862264735e-13	4134.86828388697
0.03567127104290463	20715.26767420955	-5.164790261479764e-15	90.88043649522439	1.3695017333494474e-14	738.581249905598	3722.0	1237.3530117120947	1.674292451096822e-13	2846.0779688990324	2.3106125862532324e-13	3453.607981698349
0.037809089466011754	19155.6889783461	-7.013916628034872e-14	175.77478743035235	4.5196500408048064e-14	111.46027045123832	4170.0	1165.018209949189	1.3612498730911912e-13	2272.681314918255	1.6761843317990251e-13	3711.679371742528
0.03986962342462368	17762.573482812222	-3.363892659065443e-14	115.27365820970991	-8.069569032952519e-14	-140.13163838687333	4358.0	1150.9273741246398	1.2091271911655849e-13	2252.6017778578075	1.8500515743773777e-13	3195.9847792719415
0.04192678301280368	16460.653558254147	-6.828787944908559e-14	99.34805754071766	-8.903808589675762e-14	380.23282668360275	5034.0	964.248212693947	1.0404606948762093e-13	2148.1639124616495	1.66932936197703e-13	3169.0408542157743
0.044049644283299154	15529.09731708785	-5.30098097732159e-14	128.46530998296282	-1.3202091291038607e-14	-62.492939881614085	5714.0	962.115676646134	1.2469708622679137e-13	2064.33641385418	1.4373214626674802e-13	2592.981394685589
0.0461520765124625	14407.236489798028	-8.249731967334204e-14	14.488280797018376	-1.0564084112687575e-13	73.92618623352011	5982.0	862.358233122457	1.0768747213768278e-13	1969.5569793509187	1.5958953990525335e-13	2459.061446984978
0.04821654287098462	13590.007620484208	-3.1138871850444615e-14	279.21043466278087	-2.337057849752309e-14	202.30229293379688	6602.0	847.2247771878041	9.349758058297193e-14	1688.0815940457983	1.1010145523226723e-13	2397.2093110595774
0.05028446778888448	12723.387408830415	-2.914642124929492e-14	-367.3321830527331	-9.843720882288594e-15	-244.56233619765982	7130.0	660.3622593013248	7.552895295395344e-14	1893.263962798756	1.1815039829111254e-13	2038.3416738638605
0.05239093180212778	12080.11531363495	-5.647813456730441e-14	-186.813529894249	-8.202757098703631e-14	201.75873601968007	8034.0	667.3529495095602	8.38671689934065e-14	1485.1529874327052	1.2355699324067968e-13	2166.6078104208054
0.05451389022805993	11388.465560992056	-5.0961059068740976e-14	-28.131100515857973	6.1006410850613744e-15	-308.5198903303258	8606.0	670.3681247721287	8.012109763656607e-14	1385.7075087553876	1.0066472835169382e-13	1961.060117811102
0.056608499535902954	10710.260586450624	-3.056322452211066e-14	-19.27122972307252	-6.984726850432136e-15	-196.97462875999645	9066.0	646.5958115917806	6.941278517944696e-14	1217.6787227192879	9.271873686055042e-14	2120.8162027172957
0.05870041228185086	10069.661558037393	-4.511486495404398e-14	-20.965744869164705	-6.098473090604587e-14	369.22024001666796	9962.0	650.4947726767523	6.712093703325653e-14	1192.461603644395	1.003789693556476e-13	1969.4746968101654
0.06079990868488397	9333.778132031974	-2.654076539995194e-14	93.75682350317663	-3.0440282203117516e-14	38.89904133561718	10550.0	563.7518758008688	5.293809914280273e-14	1452.0908483100911	7.342418840435978e-14	2013.9163384186072
0.06288352399537324	8823.284767515324	-4.523085360292471e-14	-7.6831978837199175	-1.5125301571018034e-14	90.93039464825576	11226.0	601.4640773499756	6.919602696546426e-14	1285.4757623871635	7.749172016711699e-14	1597.5115330546453
0.06496933863633478	8218.910337876372	-4.8881579159447376e-14	47.09071527172446	-4.895124095447208e-14	73.30341561776643	12146.0	510.09246394762965	5.4064039156662567e-14	1309.1176380997595	7.065241661246691e-14	1534.7752819101422
0.067047463818807	7562.917289125839	-3.5558905805498806e-14	116.46479848030036	-4.577886561313273e-15	-103.76673070559096	12606.0	503.8700751518399	4.9060483954173955e-14	1269.7270678403224	6.693939806053089e-14	1600.418848406488
0.06913175452825705	6879.199204225953	-1.2438907159044246e-14	-224.04157780922205	1.649591855924499e-14	7.67833585167104	13802.0	450.32563872303507	4.2871940651837687e-14	1182.8492277202993	6.453426152104227e-14	1411.3846015244362
0.07124626098411652	6279.875428362517	-1.6444849417986894e-15	-49.698959397165	2.521240996444044e-14	-25.959328718670722	14754.0	484.436755149211	4.8065440368327485e-14	936.6001638769043	6.357686753052348e-14	1393.5832291349757
0.07334431226217804	5653.804009463228	1.8183680753630243e-14	-19.12929856491108	3.06793646799485e-14	-79.40609290503293	15194.0	490.6798374238842	5.110985817928289e-14	1088.999227291153	5.984414961432141e-14	1347.2214348863736
0.07543096140594086	5008.149637968556	-6.3013891147719164e-15	-134.23975812395076	5.0322696841314085e-14	-170.7984094879783	16454.0	426.7160403851122	3.320146612983059e-14	881.3251300920484	5.533541765911835e-14	1324.6902336272092
0.07753278308483011	4279.979311325721	-8.655956658867038e-15	83.57400245590686	2.139376908029169e-14	-201.72899577948345	17154.0	402.3844248686603	3.483167248779932e-14	887.6390183263088	4.6081155009056494e-14	1224.0028197632555
0.07962965000734924	3648.444652958885	1.3257045758242478e-15	-111.25001815736894	1.9325233077027545e-15	-113.130224291752	18266.0	368.1507878764152	2.6949893037835733e-14	852.2397561337943	4.838626619526747e-14	1209.8066900371248
0.08170723762107696	3019.841917450236	1.1519660443598035e-14	-17.019399993926914	3.641015625836166e-14	291.1129368148273	18750.0	394.52070754617563	2.729653855915874e-14	771.1681099919911	5.041704270636429e-14	1110.9625557804516
0.08379118810226291	2406.297904829236	5.7328332675869864e-15	13.12568110860132	4.0759584600368253e-14	14.070566198253704	20234.0	380.359900779338	2.3746849456300727e-14	764.9019169882013	4.465137198108687e-14	1154.0733938139686
0.08590228751037517	1662.1967278567101	2.726848320945461e-16	130.70600593556742	2.873793425355549e-14	104.66618161353479	21450.0	283.0079989417151	2.2942389640435896e-14	826.6936909778184	4.2219213000207886e-14	1076.9255046385306
0.08800675061496373	1029.070869817031	-3.3662288201715767e-16	145.17096975524376	2.5585404086649487e-14	74.46815146200147	21962.0	332.1028363931471	2.4791538510311048e-14	631.1950636972995	3.815937900377236e-14	1021.0828769320728
0.09009653920482735	404.6128223212221	1.2284422561990305e-14	113.23842323558378	3.273601568087424e-14	-31.13096197276237	23462.0	304.0076590934615	2.2702914949022347e-14	720.0569796975882	3.9076111275837454e-14	809.8523122328472
0.09218711218652552	-184.24428722386415	5.9734847477118815e-15	8.955142827837376	1.667084463880279e-14	-106.25004276827426	24042.0	305.4886278539178	2.2693616306200558e-14	673.6065039185925	3.3151240540476646e-14	951.4493759376171
0.09428989135945491	-722.0966772382421	8.599455855016844e-15	60.78595961737203	3.027164054518967e-14	19.778931647707058	25946.0	287.30021789010874	2.3641002900213223e-14	552.8272417768407	3.1519659789199e-14	824.5275371136056
0.09638281571351456	-1333.9833853601294	1.0870054371246034e-14	-1.8569785139975794	2.7071786774080835e-14	154.2073046191626	26118.0	279.94959732694076	2.173117524803885e-14	650.5249123605388	3.188008016443213e-14	905.1651864745287
0.09845070847210079	-1873.4553858006627	2.1212313432461596e-15	-38.99483267119827	1.3521360813482726e-14	100.82644404659253	27506.0	303.574895708685	1.9880261923466027e-14	553.9544893922005	2.829752794065458e-14	801.8940738537467
0.10053577780376487	-2324.2592987732337	2.8499318352344998e-15	-49.7636016328893	4.818422687463423e-15	114.71572660253476	29066.0	257.5574958393177	1.8148740346856157e-14	560.8028852323492	2.6095456577693416e-14	808.0264860203919
0.10264601037098249	-2878.47593918993	1.2453819889101177e-14	28.86183276057809	1.8574792742180568e-14	9.259130422229555	30450.0	244.94507927723402	1.9282378297128842e-14	555.5226592174213	2.891635349616481e-14	796.4755292300385
0.10475860326097716	-3295.191487529921	5.0969923534222415e-15	-43.722037970121356	1.6947729799055072e-14	-33.08429215035903	31742.0	243.84024343402123	1.8280055723934786e-14	482.81036020183444	2.5225451586482605e-14	601.9015908498117
0.10684869229362234	-3767.9683200352197	4.462056494051078e-15	-81.59670017713027	1.2340700684079538e-14	-40.41427866123915	32250.0	230.43143024274656	1.6766442104634527e-14	488.73452028526134	2.3081214595390686e-14	693.5503290878605
0.10893752493866628	-4211.521243521023	-3.8648126066578804e-15	-33.58320626010434	1.3585234583297295e-14	50.64112326462707	34250.0	194.70900743061532	1.880642512106468e-14	508.34095681706054	2.3847025138285445e-14	666.5495666463044
0.1110411892736213	-4584.853181891206	2.896386718723832e-15	14.929228685320654	5.888860582508247e-15	159.13863415313264	35454.0	261.54131505793083	2.010211459350616e-14	436.96973802967545	2.4310129797174434e-14	682.5062619026945
0.11313480595029494	-5047.127047969905	4.384565796943076e-15	32.85049536185174	-7.88366855224747e-15	-62.89896340052531	36434.0	203.09943041152505	2.0196621120142545e-14	503.39910708701177	2.6181619107619974e-14	592.9997381501487
0.1152129706138257	-5433.394566018339	5.168990640660229e-15	-49.538777706206226	1.1790000366259166e-14	-31.94747964130586	37682.0	203.60792602575899	2.060067838644058e-14	505.9062052621254	2.5269894265114235e-14	666.7926837235924
0.11729351893921021	-5833.337791583799	2.03367752573697e-15	-39.06979617712884	9.103009661849314e-15	106.64652666445407	39294.0	215.75123682087	1.680998317646287e-14	456.9183655777276	2.140462702838014e-14	540.2494948899963
0.11940098780082176	-6229.715508822829	-3.1796539623585265e-15	-38.75480494286869	2.2996705708040662e-15	124.43295717564284	41426.0	191.3169484975419	2.2010859346914857e-14	423.61577300331544	2.400117937019653e-14	536.722596359943
0.12150384743993768	-6608.821548350135	1.4657419798047878e-15	-28.76755392572769	8.35546298889691e-15	108.53138173641752	42066.0	192.86038675439158	2.1234709439821082e-14	401.07174727095736	2.379455762825188e-14	588.7122871245036
0.12358793676777693	-7002.656566502776	1.0212844214258215e-14	45.270822621117674	1.2422178971783939e-14	57.15916056332178	43490.0	179.00633825389022	1.9968446006378696e-14	421.0520052618269	2.6337862843766995e-14	567.3440485107616
0.12568460921496086	-7383.7220038495725	2.3897925292306894e-16	-29.554876718564433	4.691884789288032e-15	106.43330121266101	45702.0	150.33505478273815	1.907932267532335e-14	406.3282976210808	2.107392364232613e-14	456.2801406149703
0.1277861902311609	-7793.205727825881	8.368686905800726e-15	-30.90068621632484	1.8431449763968542e-15	55.728227708909344	46634.0	167.9293519434738	1.6631189602025563e-14	343.561874512087	2.2750794252471433e-14	493.41445670669606
0.12988369935931685	-8154.78255988895	5.43365312964806e-15	-43.62361044281059	3.582675674836322e-15	141.2924571723964	48554.0	163.94687556778732	2.0557445614353834e-14	381.3371512391232	2.218660542965936e-14	478.1684096306027
0.1319589070411333	-8548.283792801696	3.790900705090442e-15	47.222693895159836	-3.650198668177132e-15	55.425201895185545	48870.0	166.94518871182666	1.9009840620739664e-14	369.8338546547174	1.9355678697821994e-14	489.5310372391202
0.13403744728828546	-8918.328833083624	1.5931367311404683e-14	-1.5126074086116552	1.784011860552441e-15	38.56837742190783	51554.0	172.93048304695105	2.355651885725357e-14	402.4498350439814	2.198775657529827e-14	474.07621525989276
0.13615115228842267	-9338.046997800428	7.36741614484512e-15	55.66453794836498	1.4738779886385407e-14	104.1803693676765	54090.0	141.80994358918608	1.662823466606557e-14	325.38766841703995	1.9880907883935873e-14	403.1742542860998
0.1382564432429707	-9725.177231065656	1.2182024177421004e-14	4.86415442326667	-6.676863654374031e-15	163.87573209341284	54314.0	174.65813481581526	1.8356627889414006e-14	328.25316892156417	2.1481151655767882e-14	367.59583456700335
0.14035137161572295	-10104.870583746393	2.6384791674226246e-15	14.339262245190334	-3.5172323984805964e-15	122.19689806216957	56910.0	151.0481851372643	2.0075549129167e-14	341.37235593964266	1.9743142538972586e-14	436.6947688447449
0.14244284612320735	-10481.275876888561	1.3519238399536341e-14	5.064169543743965	2.535098960763885e-15	158.7350688857021	57482.0	123.63618485985056	1.801462804982965e-14	351.6386298227716	2.095413097135341e-14	405.4572080270495
0.14454035779251395	-10886.006251864559	-8.4042402534449e-15	6.32785241991538	-1.0425371883307621e-14	122.86497827519516	60626.0	119.85277989883794	2.0363769619199944e-14	296.4673644384809	2.0838015288744924e-14	387.89579613499427
0.14663929214532168	-11266.483191515657	3.072551824556955e-15	-47.40076858205862	-9.54725652297611e-15	116.14063337703952	61206.0	127.85890541962358	2.0529898054043278e-14	257.7349719799234	1.9041174984239537e-14	388.5012216676644
0.14871604867869329	-11621.040946212153	-5.098203572718789e-15	-8.982236837815309	-6.997598905445701e-15	117.88580631506089	62570.0	130.5815839557499	2.005482730225455e-14	297.4212079034054	2.0354920316837132e-14	367.30621544499024
0.1508061818142672	-11989.861054145264	-5.601520851528659e-16	-20.61918600811375	-9.227585144583566e-15	143.11784164410986	65730.0	121.89264447290708	1.987825201084067e-14	260.23056432630153	2.0614319135767498e-14	381.66250419091074
0.15290505954566141	-12358.369452669618	-4.780617461849747e-15	2.1335077120158443	-1.9066752890389e-14	178.35440308941924	66686.0	120.37684370912318	2.10712393197981e-14	240.40113789938607	1.693946473485283e-14	382.8171822414501
0.15500844482409595	-12704.673899052283	4.334589086725055e-15	23.970136610357294	7.579179000434276e-16	174.98181921632474	69698.0	110.53052324726575	2.1532331304735365e-14	263.30099436263237	1.9095205847375875e-14	342.7403543394043
0.15710459625738382	-13057.505561855074	6.5766126269803624e-15	16.092101109928308	-5.143396096409744e-16	161.22726089162995	70026.0	107.62175815276483	1.7936497864110934e-14	245.00491385246153	1.7218420658464156e-14	326.0989151138438
0.1591933727943052	-13389.387219385397	-2.56283877812309e-15	2.163392790788042	2.0752063020534956e-15	221.3094876683969	72746.0	120.75286053282096	2.190845936904866e-14	248.44796782425232	2.0345752021211625e-14	309.38721677206325
0.16129363465762192	-13751.66614012652	8.044351369176992e-16	15.024906846317144	-7.452533787021661e-15	197.51570849436445	74910.0	97.13581125678768	1.776366997424302e-14	251.724852478352	1.6431308159687807e-14	296.9734904088437
0.16338330069066714	-14079.496513473541	-1.1083698810479295e-14	12.358544123974339	-1.6884930169173022e-14	232.63016784880895	75722.0	89.96531765541278	1.9456404474538893e-14	227.56328605876445	1.8660050087167303e-14	247.9200993261234
0.16546643325032606	-14396.117134797036	9.620067480153831e-15	2.9003546001695137	-1.6824920165290198e-14	258.6406622726059	78378.0	100.67460164683105	1.8803854358089988e-14	187.91756671515498	1.7578785497497367e-14	278.51269071295536
0.1675552986733246	-14704.262673593836	-6.854366078688406e-15	25.438054108021255	-7.291772074831107e-16	266.56793547011	80030.0	89.23379880683336	1.860410320811955e-14	205.29293165769	1.555132357059784e-14	281.7903852565406
0.16965477551444438	-15037.887240356999	7.1614215401926805e-16	-26.630279240090736	1.489815271070077e-15	260.393950220531	83186.0	100.07039451295876	2.1828501393090934e-14	210.04653612428453	1.8291845556975844e-14	255.37829132026033
0.17175823925991854	-15351.65781416032	-4.044512815141968e-15	-16.636004222604978	-7.28700943159157e-15	317.4653141976986	84666.0	87.21526077714779	1.7756124917273626e-14	209.66614295259055	1.8461788744107972e-14	288.07387011790837
0.17385538538974105	-15647.358605525164	-7.682965636149454e-15	4.753914985582559	-1.4194977544132844e-14	334.02047277584796	86546.0	98.38155460600525	2.023844183068045e-14	178.72191788677347	1.890287163032557e-14	287.1070959414838
0.1759428749177005	-15950.810588625674	-2.652640066229984e-15	-9.91350360212424	-4.04233748803469e-15	341.86922192402085	88134.0	84.67865979697565	1.9234710294971354e-14	185.6846215929616	1.528643639923528e-14	226.67632655271422
0.17803867268749937	-16232.652051461528	-3.228228141960593e-15	14.006619897499954	-4.908000775388183e-15	359.0029736291861	91538.0	74.06054821392642	1.9257753256956444e-14	187.9180278807035	1.6882570647859952e-14	234.36666829195653
0.18014347150516788	-16524.67384806365	-1.6655495121530354e-15	10.030025371305985	3.72826029960403e-15	361.3258775651944	93138.0	73.4221528712445	2.2878765947891317e-14	146.2873240171878	1.704165571868758e-14	230.56316468458547
0.18223255842321823	-16811.901618546985	-5.266448906593939e-15	-27.233674454026858	-1.803762541176891e-14	462.09479727402277	94478.0	84.09827168801081	1.8139035061582527e-14	175.8360257528475	1.6810803030723892e-14	233.83081785927467
0.18431984121140957	-17099.4944850774	4.607693310469934e-15	12.670142691792567	-8.528918401500699e-15	451.1809583092228	97274.0	76.08211449622421	1.8015806894814293e-14	167.92185158564283	1.753573184162602e-14	211.8732829182579
0.18641466711813712	-17392.21356459667	7.132158835906373e-15	31.03320843174904	-9.45383159378317e-15	432.4996798016341	99690.0	68.38742381087842	2.1712168362045432e-14	185.54274483047146	1.7871311552299065e-14	186.19894639203358
0.18851818993064448	-17663.436840344428	1.1250448099549036e-14	-10.485865656191955	-1.168479111372349e-14	515.6502082394239	102590.0	80.45464936296631	1.696847967603887e-14	157.79200773974665	1.768064505653542e-14	222.1548558086767
0.19061816615855726	-17943.994846112902	4.9411318210734586e-15	-11.268127543303226	3.4820759889373944e-15	521.5193865498754	103770.0	70.39797300579923	2.000003992434439e-14	164.0920167060748	1.3903263107912798e-14	202.9353526240416
0.1927075421401721	-18200.720757265663	1.1953066881805825e-14	-7.661950595534254	-1.1936096610465242e-14	570.7250708536044	106346.0	68.81320242396723	1.918685380003143e-14	155.5394345009768	1.88569906217265e-14	190.70846705611848
0.19480182287446776	-18465.418284249892	-1.072745571509608e-15	-5.2487592472916775	-1.2053299108960635e-14	566.8542633240463	108546.0	64.62842363134898	2.1366572104650556e-14	154.67028258009935	1.672243274994151e-14	195.0921099506243
0.19688975174994605	-18735.838522609287	8.782779460452879e-16	24.104439629157763	-2.1009420820575203e-14	645.6549775720059	110726.0	68.17896638055932	1.620594092756517e-14	154.19785235080485	1.5888423602404138e-14	160.43135667992834
0.19897199889713765	-19004.173105717506	3.326850920337747e-15	-43.698748648610454	-1.78435196741675e-14	643.2350733596305	112322.0	57.86411716460054	2.0349764092589925e-14	115.0424234893605	1.6639815348632856e-14	193.23363394509167
0.2010569471447005	-19248.162294520243	2.360574858980673e-15	-8.785034803837636	-5.115576483414182e-15	699.94559367221	115890.0	64.98048852177419	1.6863474772983416e-14	135.16533966113545	1.6209227113545595e-14	165.24580325492818
0.203156266085195	-19508.580856700937	-6.497337741547796e-15	-10.246161479934406	-8.170616783953057e-15	731.2080499060814	118766.0	68.84208291932671	1.6590492146986696e-14	130.2778626817703	1.5030631541715103e-14	168.05483679734849
0.2052706092735702	-19755.402249600367	-2.395492382682855e-15	-10.658594887160772	-1.7782846204380144e-14	780.3066409961671	122298.0	56.75757309206359	1.956025769149191e-14	124.09526685634916	1.5713442777862687e-14	182.16098324389128
0.20736741790518642	-20001.263272668064	2.921470276640731e-16	26.686481347422742	1.0372884924358861e-15	801.197488112085	122090.0	54.04471412766444	1.583134473701708e-14	138.8338686621377	1.3268664105030797e-14	160.79901495006794
0.2094553456508666	-20251.975075952538	7.271408654003367e-15	4.488231764627366	-4.289429897301268e-15	853.8430399366008	125810.0	57.584074257662614	1.9319930642391542e-14	116.97966127289003	1.7544919406940772e-14	166.8524031675906
0.2115487153625623	-20473.82085809194	-3.569154352999628e-15	-4.494494783771555	1.1712481026219795e-14	899.5388037270818	128190.0	53.067654645889895	1.7350596235401906e-14	127.4695201902864	1.510028778725086e-14	135.34513697697327
0.21364654350842388	-20712.667250875023	-9.764444858132555e-15	-22.720063293895347	3.832326991979897e-15	914.9385532072962	130994.0	50.52361483779453	1.661744496155419e-14	120.1060965224659	1.631793379639327e-14	149.69162466136223
0.21574572244793688	-20940.349594042535	7.721131174034458e-15	-11.833659948134645	-1.1884882465547299e-14	958.9226516134756	133722.0	45.659944737450196	1.4418946096431872e-14	99.03799163913796	1.3785715531130911e-14	154.00714037167057
0.21782557538221642	-21159.216840691864	6.786777329774771e-15	-2.963150509933829	1.1491314675515189e-14	1015.8731644861916	133886.0	55.388881007182206	1.6900075132208968e-14	112.22095935270359	1.5253722140013673e-14	145.9032948533261
0.21992122827382063	-21374.51247225944	-3.716708918833592e-15	-5.882604628783334	6.1444089066151306e-15	1076.3275253874037	140538.0	44.05993313847545	1.5604560677587724e-14	113.76478384068774	1.2327943576184249e-14	140.678313662537
0.222025046849292	-21584.991163402414	-1.1262022148908025e-14	-11.238382208980648	3.886686025342316e-15	1104.5271903112296	140594.0	46.49472667233228	1.6715544823122104e-14	104.71868294956789	1.5040038630655136e-14	155.44751791942045
0.22411339188337273	-21791.028246037367	3.5007858554725322e-15	-4.981213496635979	7.863486979964455e-15	1203.2424030928453	143594.0	53.211510668687936	1.5332250635177313e-14	92.99990252777076	1.3297136580725254e-14	142.4420246763821
0.2262026397278257	-21999.92812187442	-3.847333154227396e-15	10.626011504592425	2.0406074113001146e-14	1235.60960879597	146310.0	37.09398572395555	1.590172829032383e-14	106.6460955947065	1.3691721713984294e-14	134.1136109519416
0.22830451058192117	-22206.85060078716	-6.967529335536564e-16	-0.6119095879816525	2.3553423467141476e-14	1288.9343286299961	150650.0	41.508029532734284	1.5348666394368454e-14	85.42316124046532	1.4475652644544223e-14	123.17555067108725
0.2304083592272689	-22396.332554935892	2.900865697248884e-15	-16.160082402942393	4.184811792457908e-15	1328.1787902681597	151914.0	40.121761100992984	1.6107687531932042e-14	94.07900362097706	1.2805455305205922e-14	117.07730342852382
0.23249034210233852	-22582.13485658403	-2.7159314827262734e-15	8.144446949021177	-1.519443614878187e-14	1394.996426441159	153398.0	44.104402722849365	1.411234809800335e-14	90.19375965491304	1.208594122661838e-14	143.19994225609355
0.23457691220534552	-22769.57379958195	-8.072055810941849e-15	-1.507437878374648	-6.080093403515764e-16	1486.5459721736208	157866.0	43.966774723926136	1.3534251584240014e-14	86.49912687790982	1.2716415150439445e-14	105.37652482216848
0.2366739243473352	-22945.607512525352	3.674996990386346e-15	7.7118157512355685	-1.6762810129396862e-14	1519.5548491057457	160658.0	43.13400634021834	1.2823690754349931e-14	82.51037635402683	1.4068859540394996e-14	114.71776110472172
0.23877501979596807	-23123.135236223363	9.438001801122562e-15	4.749953029956442	2.948764776557563e-15	1607.2539828556103	164102.0	34.67587277876661	1.3181874440177721e-14	80.05207549500359	1.4374882420100325e-14	102.42082774943437
0.24086697471189877	-23294.558254056356	7.62973878112833e-15	10.623944531374825	-4.47482131712389e-15	1661.6387738756157	164994.0	40.38290690176195	1.7259795809794802e-14	84.17424939460611	1.480509096766198e-14	117.6655614613128
0.24295721589140443	-23467.93860202742	7.925755177283437e-15	-8.115559236497091	4.823588972201016e-16	1736.9749199569287	169850.0	40.38627855536558	1.5266987405271112e-14	84.11482330742257	1.3918587272154022e-14	111.95168260557168
0.24506264204813352	-23630.685150827452	-1.5794170996935789e-15	1.8835323612946817	-4.865063683908397e-18	1806.6602013718139	172986.0	32.021075471751246	1.7169740432430725e-14	75.82049290412458	1.3520799497187558e-14	99.02132764183071
0.24715616459448875	-23786.346894718718	4.2650998183905035e-15	8.545962656439942	-9.517985612266033e-15	1886.4131809235485	173894.0	32.21848507088785	1.554181779545152e-14	86.82010499884287	1.1676541258932352e-14	95.43174649191535
0.24923680875048657	-23944.375955929063	2.2400316758443574e-16	0.3354355452487301	-1.336759137950078e-14	1955.2108462180915	176778.0	33.603602841833286	2.1057850134541038e-14	70.5541609830232	1.3595488362564309e-14	97.21376303194455
0.2513295001440267	-24099.652091271444	-1.4615117709211728e-14	2.4836362690807006	-6.101467444414856e-17	2002.6794398149332	181802.0	34.991402144356	1.5814421989568384e-14	83.29637848953334	1.4707704620808697e-14	92.9754104388867
0.25343048508529653	-24237.771322214056	-3.558452108844375e-15	9.926202602263384	8.84107724348309e-15	2105.3543706637615	184430.0	34.8051060436577	1.7238192248023988e-14	78.5178795207896	1.4058334055074274e-14	86.04215461579349
0.25552974003284246	-24378.947201066236	-4.679362102371239e-15	-0.9518807224375462	-1.1390944926407473e-14	2172.053813879676	187242.0	30.924849877800177	1.9333069202937902e-14	68.3467596182366	1.4172050943745757e-14	84.6564001383855
0.2576245983098365	-24520.762691964333	5.250009136089272e-15	5.667398275619337	-4.439706233551648e-15	2277.7883036592434	190250.0	26.958039987992343	1.6022732528094153e-14	67.0426640282581	1.4163008227501767e-14	86.13646565302005
0.2597164635916155	-24654.91700467399	1.3070564379079025e-14	-0.6866390151644822	-1.6779965753174875e-14	2351.1035982096664	192570.0	28.203923080898115	1.524978106884567e-14	70.08264237903542	1.3568630435759331e-14	84.11899384556885
0.26181718957783273	-24781.357829439	7.668554072793835e-15	9.811215504322952	1.771689592130087e-14	2443.6612291255487	198254.0	30.23089593530185	1.5241827175400792e-14	68.87808163920243	1.2646915983152937e-14	88.50216689518227
0.2639136507582234	-24901.47795622247	5.366983828659862e-15	-1.6118331422222436	-5.29042538418256e-15	2542.1493761696574	198074.0	27.557461444729483	1.6082272287979477e-14	64.47785653855962	1.4301029512682593e-14	83.16861001297326
0.2659980051593398	-25024.57283196658	-1.289483914622528e-14	8.64662447571444	-1.3018638613698805e-14	2628.332432569915	202050.0	26.438954549973083	1.3357662913376484e-14	67.923712437947	1.21339320354267e-14	88.67169261107111
