0.0	1746.4164609052825	NaN	NaN	NaN	NaN	1.0	55411.751248984045	NaN	NaN	NaN	NaN
0.002672746339979227	18458.343095399847	1.1227290758595942e-12	2997.6187022710346	-1.4153968047413484e-12	-7890.250072811756	18.0	18527.148621095836	6.529803583543081e-12	33651.067114134436	1.128778222801887e-11	33725.57712237414
0.004672183071752521	27065.196826455965	1.0249913778744995e-12	13639.350668415316	9.89804332934224e-13	-427.39698218487104	62.0	10261.731786910965	2.7932129829725684e-12	25374.577333487334	4.235663705523465e-12	33065.421293373365
0.006564167585221056	33488.47549458512	1.550043924991916e-14	16566.88522030621	9.455482224229333e-13	-1068.1733894784502	98.0	9875.591329085863	1.852572098987461e-12	21726.51017484449	3.1624507794095195e-12	28555.696462681077
0.008504458441081823	37862.92535701673	-1.0059556844689415e-12	19040.902071242897	3.1426527821634826e-13	623.3565574839024	210.0	6933.184375956466	1.771970442990692e-12	17066.96500354224	2.5684033202286644e-12	21441.493777646814
0.010676353141326825	42444.714414000075	-1.900877498908672e-13	22930.58537742394	-1.1698118788734979e-14	-1115.001216053357	350.0	6247.638127122974	1.0071097383739434e-12	14165.893210713723	1.415929709613154e-12	17524.627864698996
0.012821736464951864	44422.813627542986	-6.4210354422631575e-15	24240.767904292476	-6.610346909007011e-14	514.5308734361547	450.0	5412.16096655514	9.777950355787663e-13	12729.096422645298	1.4393141575131046e-12	15623.313752796488
0.014811024481278072	45739.34650137209	-3.108211511076498e-13	25376.880856724103	-7.726484712908175e-13	1000.7389518881579	602.0	4517.133468274375	8.064381397622803e-13	10662.290696114365	1.132202376286546e-12	15625.890927590337
0.01680768479659022	44901.32577100493	5.1313453626445225e-14	25856.60138015712	8.215541369614569e-14	1445.3592464786898	762.0	4397.586269140418	7.84822835381836e-13	9364.685235573792	9.632908628294757e-13	13142.716446259483
0.018969752078038634	44574.47920131711	-1.156309124377909e-13	25798.620620991733	9.409000170403357e-14	2318.2349767295905	1142.0	3879.6692829472713	7.22337756118406e-13	8989.136479060882	9.416732877002993e-13	12964.180469356334
0.021139474258468342	43897.89927858261	-1.5799028362123473e-13	24417.829512933025	-1.6287657339162192e-13	3332.286408082631	1250.0	3484.826357332702	6.173148279323496e-13	8380.283045913184	7.916313150832612e-13	10530.025837794716
0.02316662612605558	42942.12634168935	-6.417800321623969e-15	24423.46208365448	-8.424368463805237e-14	1309.1463822132175	1458.0	2736.300115282619	6.08271636771159e-13	7319.155438443135	6.944497106703224e-13	9954.641427172852
0.025193761228453515	40968.15983536831	-6.164314579655015e-14	23316.520445821952	-3.477221267870107e-13	1855.2813597134632	1814.0	2534.6744533884803	3.9481099330137733e-13	5922.971709515702	6.388002554455109e-13	8790.467085190816
0.027320893792279304	39127.747515343915	-1.2827832270642837e-13	23044.050266186092	5.699461043682313e-14	1586.0039139396063	2178.0	2292.163645776699	4.630973572668458e-13	5640.10715974013	5.027543260316135e-13	6582.526191499998
0.029434086525317225	36823.38534397907	1.4274041551326013e-13	20680.68388148461	2.4453739412759876e-13	995.4178341246013	2498.0	1990.064002397994	3.4740742108529763e-13	5608.749030074015	4.418587593930743e-13	6139.69195776072
0.03145070173609333	34587.63820385651	1.8492277473042265e-14	19267.11372858994	2.2809873376659703e-13	2471.2882908188417	2622.0	2066.2903493141034	3.004001578303913e-13	4940.381356614333	3.8045875610139463e-13	6484.618318970169
0.03351999859451853	32841.5337448984	6.484731125855426e-14	18898.240530913397	1.2195471491237585e-13	517.0465173547765	3338.0	1716.0990837565041	2.8531561608809905e-13	4191.307238710203	3.7364838579551423e-13	5096.557808581926
0.03567127104290463	31066.857099402892	1.843213760983742e-14	18358.671283632095	3.4720453401335305e-14	972.0367256943672	3722.0	1565.8107534038509	2.3281684383477375e-13	3364.19177869255	2.7767239189975993e-13	4218.0730183291325
0.037809089466011754	29428.86684710329	-1.3963492811103158e-13	17415.773280022164	-9.38824783588373e-14	1246.8862616205606	4170.0	1269.5716116696876	2.147808365355647e-13	2791.986968851638	2.4797180635079677e-13	4866.540988816093
0.03986962342462368	27690.258985780074	-4.802277621253079e-14	15793.176789129438	-2.0589266541369208e-13	1452.418236332675	4358.0	1375.6519810846094	2.0625969805743964e-13	3317.5298089265298	2.5750662725179263e-13	3700.360645612394
0.04192678301280368	26569.31560090824	-1.0431419375541893e-13	15146.453510316835	-1.4129694063198056e-13	417.67584615473885	5034.0	1141.9636077332973	1.9579822695389418e-13	3161.695864440754	2.333812265806727e-13	3765.8201987133925
0.044049644283299154	25444.953134148862	-3.277005084508506e-14	15029.08370801595	-1.4832529170400434e-13	1200.5718314406515	5714.0	1207.9167974693405	1.895233389272973e-13	2726.8591676029337	2.0671338842631296e-13	3564.41890478618
0.0461520765124625	24035.51900193682	-3.809079248328817e-14	13735.27150704543	-3.8074060073677144e-14	461.57644279883084	5982.0	1085.4634478071075	1.8161122804848728e-13	2561.8419710886615	2.2155696019156878e-13	3471.181224401362
0.04821654287098462	23154.029931144054	-3.642580989531338e-14	13546.912287813153	-1.2667221418570222e-13	922.7738242756535	6602.0	1014.8716084235388	1.4474847876219314e-13	2254.407768799532	1.8565504364672902e-13	2891.117327804614
0.05028446778888448	22389.729476974324	-6.079533128066008e-14	13238.128957166053	-1.0962689367164569e-13	450.29227921550586	7130.0	969.8266196959819	1.0825094490777539e-13	2378.3462334477863	1.6385254780960465e-13	3062.5121365943273
0.05239093180212778	21732.659675025578	-4.164669557053696e-14	12673.77461510056	1.28371749771208e-14	1195.995913520019	8034.0	837.947348944381	1.1325961777239864e-13	2114.802085400491	1.4117691363363502e-13	2771.315414497649
0.05451389022805993	21001.597677077163	-4.011614782803026e-14	12256.140666667536	9.957002562399327e-14	1080.7362683140598	8606.0	919.3703302933108	1.268274302460162e-13	2012.7588492232921	1.3710029094148951e-13	2850.8978380994595
0.056608499535902954	20568.57118494049	-3.726244375722125e-14	12154.314504033044	5.9594472174442594e-15	880.2256207399728	9066.0	828.8270680591252	1.0446019923745898e-13	1866.8060678250993	1.3357660616118507e-13	2768.750823395748
0.05870041228185086	19805.482174591372	-2.5531353499073043e-14	11860.385806140828	-4.832707125637601e-14	982.4922998778497	9962.0	740.8990610518985	1.0656795458085406e-13	1769.0706997812736	1.2953252499119762e-13	2205.9480176498696
0.06079990868488397	19535.22370081058	-4.56078845453108e-14	11299.268820954963	-3.9311485876626385e-14	1336.7415899377097	10550.0	750.3655871758457	1.0016057372890865e-13	1632.43796859184	1.1832407947155876e-13	2582.9921807046153
0.06288352399537324	18997.596728259363	-8.729249695136898e-14	11249.854204520769	-7.125589471575966e-14	1043.3091760411246	11226.0	681.0855620345601	9.113229858174915e-14	1603.4166951673164	1.1606024908966058e-13	1922.9390152994322
0.06496933863633478	18475.14193893656	-5.3023491445528565e-14	10995.16128792302	-1.1594056899111507e-14	767.0347339330531	12146.0	669.6657909222511	1.0299514009629222e-13	1609.6680842938167	1.053239766263795e-13	1988.4824825340604
0.067047463818807	17967.782267921008	-2.6545016082665516e-14	10875.805796137362	1.1587039966741462e-14	1144.7465939188885	12606.0	779.0741783131086	8.370366266274908e-14	1686.2570787782176	9.696293648397038e-14	2056.65448231506
0.06913175452825705	17484.20875068594	-4.530987235339182e-14	10591.545062825186	-4.072086972821866e-14	941.32122223531	13802.0	613.2542427734686	7.651671168315833e-14	1390.3143965800282	9.437111915446478e-14	2001.1493701463307
0.07124626098411652	16878.16884008472	1.1328497032241662e-14	10067.823770099862	-2.1248763042599602e-14	895.1161335934682	14754.0	627.397770833408	8.877815083209608e-14	1487.677946050095	9.657926148880033e-14	1754.5480036391557
0.07334431226217804	16460.212372791393	3.49174431952477e-14	9892.347573136314	5.793621834206168e-15	969.2991250280949	15194.0	558.5979991716166	8.648025402330077e-14	1314.3867663214462	8.915984665969277e-14	1911.3239030492591
0.07543096140594086	15851.162215752127	-4.9336470475666654e-14	9458.594494208404	3.773578505303685e-14	832.7242490981703	16454.0	470.48156536576494	7.374441622982498e-14	1375.676471594477	9.053917020649692e-14	1750.354842306816
0.07753278308483011	15211.628290298462	-6.208201187378941e-14	9086.987001995374	-4.429831384441449e-14	836.0595751609742	17154.0	447.54848322287074	6.932354062281279e-14	1248.894362358616	7.744005652869994e-14	1403.2374577166634
0.07962965000734924	14614.516860971886	3.561214382979466e-15	9121.075041064616	-8.287572035338478e-14	1155.8220435626918	18266.0	511.23840643308944	7.235831382165451e-14	1136.0247746685004	7.502315507064056e-14	1425.2877749767613
0.08170723762107696	14013.993017858062	-3.5775474288773926e-14	8700.86991588148	-3.478296343425414e-14	723.3640202603641	18750.0	582.5915486322591	5.904903737929265e-14	1195.070410259169	7.776425955228413e-14	1332.0396536557794
0.08379118810226291	13443.711211769949	-2.786469757455536e-14	8430.19540574268	5.245977008011603e-15	579.5386102215812	20234.0	480.7898016417039	6.574274789370184e-14	985.0190266588762	8.265521059235746e-14	1424.9902545920665
0.08590228751037517	12905.37466959158	-3.367436871603322e-14	8046.104449584703	1.1446095037954312e-14	1043.5347909386414	21450.0	449.68265692606735	5.438739559434857e-14	1144.783603471076	7.62048012176326e-14	1375.547446870518
0.08800675061496373	12167.712830815455	-1.5932817429277824e-14	7602.495546751798	-2.8145127178834834e-15	758.2347771785918	21962.0	420.72917754363766	5.5607788650527655e-14	964.214454050175	7.169393631384943e-14	1372.568910416433
0.09009653920482735	11785.546814109108	-1.4253834624988778e-14	7363.939820271061	1.3466656208053906e-14	688.9686970299907	23462.0	397.6111328806428	5.6399377373098066e-14	857.0273777054335	6.75172346265213e-14	1261.7205227605648
0.09218711218652552	11128.719529221016	-7.135672139654345e-15	7252.999580289025	-3.095711481165083e-14	929.9591855054321	24042.0	416.5515357144294	4.974063277352133e-14	953.5720332931794	5.65594160465714e-14	1004.0171204014619
0.09428989135945491	10647.050793430295	-2.5316832353194622e-14	6876.6660672066955	-4.010770974572646e-15	725.3805114280143	25946.0	357.7318455811224	4.2818381822334756e-14	899.7544594056695	5.203416932430547e-14	1215.6962009952608
0.09638281571351456	10211.190103183095	-2.1865641630336793e-14	6696.823762591915	2.8985174189246273e-15	758.9644917496105	26118.0	391.88898452603735	4.40598173809685e-14	927.3873551040602	5.106695154612904e-14	1248.6518617050458
0.09845070847210079	9943.622367372569	-1.0193191744386237e-14	6476.668286315918	4.089510280188086e-15	825.6489370631222	27506.0	359.36585541945635	4.193144565042324e-14	823.2445220888683	5.416441725835548e-14	1125.3564788208835
0.10053577780376487	9513.251333363674	-1.5503837009364464e-14	6087.873163119936	1.6258935977909844e-15	591.3841093074224	29066.0	359.25451264793696	4.395575979380015e-14	861.9791034121934	5.6741249054717395e-14	1221.3151293410656
0.10264601037098249	9159.417848590012	-2.5091575742909455e-14	5977.207001626804	-3.7959246453727576e-15	713.3570588251127	30450.0	367.9572288436811	3.603996160613172e-14	750.5201469894739	4.5264156154316905e-14	1011.7386523522803
0.10475860326097716	8859.424849076573	-1.437768275432625e-14	5859.210410937809	-2.0002511842156653e-14	753.1240983914432	31742.0	326.3889115029856	3.939924630480392e-14	726.0591150206828	5.2670315411528077e-14	994.564141732523
0.10684869229362234	8608.918679756396	-2.471228124758159e-14	5723.590362753396	-3.302550667516486e-14	749.7870414978548	32250.0	344.63361835116564	3.85432074659559e-14	837.0484707723384	4.8711431912915463e-14	1006.3785581544231
0.10893752493866628	8378.928519295045	2.815276046403403e-16	5461.9240645011805	-4.9768193842277505e-15	793.8124723972678	34250.0	317.9582836116657	3.8385977491075436e-14	624.3405878695995	4.412805639616458e-14	977.9976244324533
0.1110411892736213	8216.036845151168	-1.505790833733953e-14	5584.471424172963	-1.1893514005233472e-14	791.6201479644067	35454.0	278.9864189490494	3.3212959780565e-14	691.5898080590325	4.4002303773359016e-14	986.0654740749196
0.11313480595029494	8003.13763558139	-2.1106717460579442e-14	5367.930961050949	1.4120550796802343e-15	688.7545764038072	36434.0	302.5129968028785	3.6412689756498696e-14	750.2405850865994	3.8032191463877955e-14	1028.6857924452627
0.1152129706138257	7827.7762955703565	-1.639413149756118e-14	5323.836924999856	-3.676156245043713e-14	557.1431524934999	37682.0	301.4610835754919	3.256005231757024e-14	629.4356364478425	4.255837233699849e-14	924.1210235461568
0.11729351893921021	7723.989954268363	-1.900948149733837e-14	5304.623398105721	-2.018016939729843e-14	690.749362065622	39294.0	307.7430586134746	2.6705142103084555e-14	686.7208711213017	3.882174317332714e-14	969.0231735179599
0.11940098780082176	7519.085785066754	-1.1663843121064729e-14	5028.778324394759	-9.735719611324272e-15	899.8670538374381	41426.0	332.5093541753291	2.8388252868418507e-14	690.5048317255591	4.4125835704517364e-14	989.2681841925665
0.12150384743993768	7364.431088665378	2.6618072906532544e-16	5108.658815350364	8.46934678165396e-15	754.2744684155643	42066.0	299.95820918406616	2.5382653187506106e-14	576.3656945081833	3.772251074673143e-14	869.8708798606917
0.12358793676777693	7243.414867362681	-1.1876301819438843e-14	4915.086559766359	-1.0119466824491839e-14	736.2291833943971	43490.0	307.263488064399	3.076832663841161e-14	586.1262305136701	3.812947604025476e-14	936.0865500717448
0.12568460921496086	7112.33486365628	-1.1915046673446298e-14	4857.0152489698685	-9.180907283094166e-15	821.3197955541649	45702.0	272.379477643954	2.7084009204040928e-14	614.6811088288473	3.406923270970717e-14	754.0640070735456
0.1277861902311609	6958.744871596968	-1.1770448893707662e-14	4691.709683872181	-1.1312335390143693e-14	635.8044533674326	46634.0	281.1020236785842	2.8800827161631866e-14	594.3907699469013	2.9909742615813056e-14	852.5182021529712
0.12988369935931685	6765.597444954678	-1.7787235471067827e-14	4672.550345461627	-2.2454913917307747e-14	601.5664466784588	48554.0	250.36512167307092	3.024832742198272e-14	632.3590369562876	3.182739297185555e-14	871.6722878825007
0.1319589070411333	6607.12156889247	-1.3460788586789185e-14	4533.722200837345	-1.4264244969494392e-14	688.4589312918922	48870.0	256.21989914827975	2.5220468175565778e-14	651.552877369943	3.391571061824522e-14	875.114878151156
0.13403744728828546	6465.735883403842	-2.844059939714498e-14	4421.717681741929	-1.382313167565144e-14	769.3413173274098	51554.0	216.23835437267473	2.7973542953589624e-14	567.288106989706	3.3935218046512856e-14	737.2158476153907
0.13615115228842267	6278.644648006855	-1.8936872971430816e-14	4467.478486059285	-1.2512399211640525e-14	712.534817177711	54090.0	236.759610239925	2.6573357738687814e-14	507.084230755515	3.0386959252629066e-14	686.8748404751583
0.1382564432429707	6077.724645990372	-1.2383128607412006e-14	4360.166968672851	2.2910603311369047e-14	873.7957078097212	54314.0	258.15282068408254	2.5011164845818973e-14	591.808846186369	2.940569497659493e-14	692.7658207096781
0.14035137161572295	5911.141065814432	1.862727109800786e-15	4189.918691740073	2.059367865196307e-14	688.8906959591441	56910.0	235.06487456245102	2.1561896479678534e-14	500.8369665038042	2.500964643344595e-14	671.1687175125915
0.14244284612320735	5759.100262359819	-1.5683591247570581e-15	4117.997969499606	2.164874558287483e-14	782.7916812700248	57482.0	232.41006378094602	1.736891911770229e-14	554.4914846793349	2.9241727914077e-14	779.954346283735
0.14454035779251395	5517.280938005897	7.247838293680718e-15	3953.016144432392	1.5891921153953725e-14	688.0827840601399	60626.0	232.3084145388228	2.419405171728518e-14	545.144390231919	2.4843616361913647e-14	609.1390419902316
0.14663929214532168	5351.139289659548	-4.34515562313526e-15	3873.6047664864095	9.522330082532946e-15	657.3287986944699	61206.0	239.38738899439628	2.1077901833711566e-14	482.27182974132023	2.961340919720298e-14	643.5029552322877
0.14871604867869329	5132.921957936985	3.5720968027059083e-16	3829.819933957407	6.65904200725572e-15	560.3629934619097	62570.0	227.703485675952	1.9362193608706372e-14	551.1241872283373	2.5802944093629056e-14	633.4807737630596
0.1508061818142672	4955.571371585109	6.862741420469766e-15	3753.155663992364	1.859564920157844e-14	623.1210657155434	65730.0	214.3716601016925	2.1192943359397792e-14	534.6309554934818	2.3236015129862612e-14	603.0185628207645
0.15290505954566141	4786.105462779677	6.21411079314133e-15	3705.269869680125	2.2141543902508427e-14	713.5050377837496	66686.0	203.54380065339072	1.7472021236480607e-14	485.44191574627865	2.0928914721089766e-14	646.0910141549133
0.15500844482409595	4644.573176882619	1.8045641670048285e-16	3566.4855277385773	1.701027003600819e-14	632.5363861828807	69698.0	188.33453114666918	1.7359503365702675e-14	426.2198543449355	2.3130748792863165e-14	686.5962486154435
0.15710459625738382	4520.128016732354	8.38877003536964e-16	3411.272951684323	1.5248889681008785e-14	676.7127928149298	70026.0	204.42205895122737	1.529071908540092e-14	473.1825868462635	2.1279932169483372e-14	640.8198281593567
0.1591933727943052	4384.01724558548	5.188176219463723e-16	3359.471865462349	9.958822105885421e-15	742.7696051164119	72746.0	200.44405128308205	1.6989013833887826e-14	463.29063602161796	2.4497148617501313e-14	664.4523285448995
0.16129363465762192	4251.095352802113	3.0919879311425857e-15	3258.441725179942	2.207237299797202e-14	670.9491109529935	74910.0	208.62662141294547	1.803365494302781e-14	482.3839490268543	2.28636931102417e-14	581.4402711478086
0.16338330069066714	4131.090289333572	1.1274047988288769e-14	3179.558092796867	2.978297794130194e-14	619.885618645404	75722.0	200.9594205699896	1.9228814519400036e-14	424.3253589780389	2.0713739965575968e-14	587.6954837131639
0.16546643325032606	4012.3057441671062	5.9515515789671e-15	3175.886959989934	2.4027293002293254e-14	636.1940060753809	78378.0	226.76790264064897	1.6121218870787278e-14	492.0497810654957	2.42095736868369e-14	567.8757804456066
0.1675552986733246	3890.888900149689	9.173613871356348e-15	3068.659051937855	2.4339763338780495e-14	653.8651555875565	80030.0	198.94055096322518	1.7126892327829018e-14	416.2599555774243	2.2032067943067696e-14	511.9558946139779
0.16965477551444438	3818.2578170798624	5.826932124026995e-15	2935.0305720918445	1.9783883020085068e-14	695.4944229727407	83186.0	182.73282584296905	1.5691204079963708e-14	436.0429282766187	2.0176347008416875e-14	561.0679816391981
0.17175823925991854	3706.9488386815665	5.043239522587015e-16	3032.5585448527795	1.0257682236769204e-14	673.2289092059389	84666.0	181.52114356383626	1.5409518162520227e-14	389.3203394667297	1.7639629681353422e-14	520.4745568055282
0.17385538538974105	3643.506984450734	5.904408311228454e-16	2924.7476734163715	7.896377689235768e-15	775.5762946824211	86546.0	181.55605186222482	1.6164319276074438e-14	382.52129099256086	2.0861890530175046e-14	497.02797161246264
0.1759428749177005	3549.6457035792664	6.883966798480527e-15	2880.444847242202	1.7815215887975488e-14	563.994838520401	88134.0	178.10627942908812	1.2900662941820534e-14	405.38699572490907	1.911919726355806e-14	534.2324444129614
0.17803867268749937	3516.9060488976957	5.158854013471688e-15	2802.340124100388	8.835489719827362e-15	671.1179799174911	91538.0	180.4950654658223	1.179986074469601e-14	378.63239496292647	1.7997307778511133e-14	531.5619025482648
0.18014347150516788	3414.5225937745063	4.3211266347390344e-15	2737.757367000651	9.795818916069187e-15	592.0000870466657	93138.0	168.2499703864528	1.5369467876866016e-14	358.13804761036357	2.1636083797902347e-14	515.5738339122397
0.18223255842321823	3337.905999394925	6.5061432459052856e-15	2666.1656068438815	1.7605685541150475e-14	590.3857295101716	94478.0	160.0867295719636	1.310454212462344e-14	387.5985728757613	1.8228230860383047e-14	567.7664220238748
0.18431984121140957	3307.3487360516037	-2.4354935097497526e-15	2684.8506750192273	6.991807375787806e-15	627.7601588632418	97274.0	188.15776169056915	1.3265359147148945e-14	374.0228859400029	1.865575275741819e-14	530.1609847873
0.18641466711813712	3247.0840421576086	4.7395399062774006e-15	2607.6120746454153	1.591070782386568e-14	719.8850801841679	99690.0	164.53340367163815	1.497262391317045e-14	386.36819042614263	1.7642375785523648e-14	527.004588455221
0.18851818993064448	3157.19738834874	1.0402462734809633e-15	2545.0033826552467	1.9592977861760695e-14	627.1813968621036	102590.0	184.74981586695966	1.2740247161866275e-14	361.200523301531	1.8790779979237783e-14	574.4032429455938
0.19061816615855726	3082.4207965246237	4.2047758117165775e-15	2602.884291556888	1.4222292328095094e-14	711.0068462753221	103770.0	155.9608520998569	1.3986063059958512e-14	393.1346793318325	1.7279588241024804e-14	456.59074579539714
0.1927075421401721	3011.61719551424	2.071585602362855e-15	2473.296230525137	1.4308147539746015e-14	599.5359994360755	106346.0	172.7568476410512	1.3218476843151469e-14	323.1405542765756	1.8505634855040506e-14	468.593090746539
0.19480182287446776	2977.0653112999403	4.182456851352038e-15	2444.219681175776	1.1098944729120435e-14	574.8124217299348	108546.0	169.51629434175703	1.1151809303617026e-14	402.41480503979415	1.7054719057653107e-14	461.9088908151627
0.19688975174994605	2935.0192271463047	1.9291339833846707e-15	2449.1482553074206	9.787122020122484e-15	472.1610726804616	110726.0	148.37200840780105	1.15263591704731e-14	341.9788946311684	1.5536904062873806e-14	455.94016487733575
0.19897199889713765	2798.275540896066	1.127977787619715e-15	2324.6157507141847	1.0953220143681758e-14	590.6317731412076	112322.0	150.39994720587913	1.037854090756557e-14	335.69173567371683	1.7069397183954015e-14	418.6459316809714
0.2010569471447005	2753.5999518881476	2.883241918823314e-15	2305.3381629283194	5.972066926892174e-15	573.489083820157	115890.0	127.95216604344012	1.07018075943606e-14	367.2604735717241	1.7567862553200405e-14	452.8277758507761
0.203156266085195	2673.6588545615687	2.4290523841729443e-15	2247.5452159915485	9.693083165941777e-15	555.0812672612349	118766.0	174.12214303998022	1.0772205283258974e-14	333.0149639575668	1.4438802998174797e-14	442.18925312519525
0.2052706092735702	2633.034894997053	5.678513022206564e-15	2259.9234308483256	1.4684625203469663e-14	593.0500043110388	122298.0	172.58611022076315	1.1019294159209193e-14	338.092626936589	1.5637541198370243e-14	390.50397898091165
0.20736741790518642	2540.6892073120985	4.965184645909544e-15	2201.3928700012884	1.1160391761348467e-14	562.2185432909233	122090.0	168.07610147702346	1.0326884543380904e-14	330.8885972601384	1.5029920978250895e-14	425.2241979605911
0.2094553456508666	2478.81732188228	2.6612897866737983e-15	2150.393915306371	1.0803968064048012e-14	619.1533598979393	125810.0	151.74992440106638	1.0091265440747175e-14	293.921387833101	1.468523164552834e-14	457.6362503125845
0.2115487153625623	2393.037269862811	3.7220616457168435e-15	2050.409518673201	7.375500346311958e-15	475.54723687198	128190.0	142.09839414863328	8.943424759470887e-15	309.6902993888701	1.4851992668420597e-14	403.74268230018976
0.21364654350842388	2335.0062978951914	2.2900568512957736e-15	2114.724799053031	4.107636616071135e-15	577.6944489336291	130994.0	162.39781622701523	1.0862935795874323e-14	295.4552377839966	1.2735932278907921e-14	418.0894406868631
0.21574572244793688	2297.9273800690717	1.6091002427790838e-15	2013.5356198026261	5.34192574867414e-15	474.4763970754931	133722.0	139.66400889037726	1.0821054425386458e-14	310.98324319213174	1.5973346661297976e-14	427.89314707717955
0.21782557538221642	2223.563923440744	4.1199859105743145e-15	1999.1268523567187	6.1905462814358936e-15	508.76337588570976	133886.0	147.94963970090706	9.158658826309286e-15	302.63890280201446	1.2511638253104739e-14	443.38314170205786
0.21992122827382063	2118.4849765394383	4.530783510728966e-15	1933.6891704880802	7.91779119740242e-15	465.6709455228032	140538.0	139.25103178721537	8.831780845343275e-15	307.0552084414616	1.3078749074357954e-14	369.33859877111735
0.222025046849292	2095.3421151223256	4.4111404811713165e-15	1899.3376859536959	6.733530387185026e-15	509.0793122056863	140594.0	133.81339228076726	8.941910318283979e-15	302.0947962630489	1.332408979895617e-14	458.4278543072571
0.22411339188337273	2031.304388715074	4.087967243362215e-15	1857.2777688039832	6.377891885030109e-15	528.5610785011341	143594.0	137.20217443826064	9.668475661880226e-15	305.4304890134005	1.3783569248377378e-14	403.41700954585014
0.2262026397278257	1993.6384046006026	3.5466570449640738e-15	1796.7658875683053	1.5245443145664688e-15	565.6040442563375	146310.0	146.98396038345007	8.191547458384932e-15	251.24309183949308	1.3944862262571286e-14	436.97614095938815
0.22830451058192117	1930.6305722816196	4.424387979093434e-15	1831.5860828964026	7.98732240230173e-15	594.0964149002641	150650.0	123.39838588487657	1.0499168644722217e-14	318.31949286629805	1.1445061264771935e-14	392.6099468703474
0.2304083592272689	1899.1568348849125	4.053890154310709e-15	1789.7700073491778	1.0424415865917004e-14	581.3091369203579	151914.0	135.03494259731505	8.85855123789042e-15	296.35490944373674	1.120427709950881e-14	424.7479399292106
0.23249034210233852	1839.8756312922408	4.075066947833621e-15	1718.6266976285208	9.62058833545718e-15	589.2443406117185	153398.0	144.31617133898777	8.782094541963074e-15	309.9495543935971	1.214618229990564e-14	391.2588274043791
0.23457691220534552	1800.5515561577256	4.3864646164306535e-15	1707.7140835982084	7.058887911432744e-15	428.2431889961018	157866.0	141.95038358805039	9.170447980162775e-15	223.56133379215956	1.330872603859199e-14	376.9647113126887
0.2366739243473352	1756.5640760473161	2.2195542694987084e-15	1698.192482951839	6.8265531492931616e-15	465.21118618648126	160658.0	132.89350731718153	7.683877292911537e-15	281.75848160852286	1.1591978619564066e-14	417.04524538191987
0.23877501979596807	1723.458343832571	9.649849824052955e-16	1665.8611150244406	4.4240809205889484e-16	441.56249113009767	164102.0	141.52823091525616	7.861087328138191e-15	266.43763114155934	1.3474301179519608e-14	373.2933019735309
0.24086697471189877	1690.1929434428166	6.773279839166193e-16	1623.523124731711	2.3934248029480344e-15	486.59144185673364	164994.0	124.67390276914777	8.756106788129544e-15	274.7676679513042	1.290757884556014e-14	381.14319043979935
0.24295721589140443	1657.4843525058095	2.982795829041593e-15	1599.1437613309276	4.8351755930673506e-15	459.5272157517341	169850.0	134.34908358786046	6.6045432652664236e-15	267.71665745939947	1.4267577210807842e-14	404.5365755372043
0.24506264204813352	1607.953170224853	2.7194526185026544e-15	1533.2135471470765	3.053635853188633e-15	458.12742434607367	172986.0	122.47855463356385	7.433784542136074e-15	263.93203722087156	1.0141472973064033e-14	360.3008944815491
0.24715616459448875	1572.5821550239768	2.648046837199302e-15	1544.0138031174993	3.1492886604740504e-15	466.7279598055882	173894.0	112.15478383848132	7.390124461395318e-15	331.50081888687725	1.094775527276619e-14	345.4822250478238
0.24923680875048657	1542.8250823765077	1.42410105061089e-16	1509.6232994121083	2.5768795906015284e-15	486.1841049141388	176778.0	118.47651262992507	7.070567904954105e-15	268.5626178448834	1.1899692517913551e-14	330.2630675553061
0.2513295001440267	1503.206914584266	2.742960967215442e-15	1524.2645949609305	-8.911219975931547e-17	452.2829902393838	181802.0	125.54119813549418	7.538750972660666e-15	308.69000478192834	1.1184628004096344e-14	314.2586634158052
0.25343048508529653	1500.8340283299833	1.569177954048894e-15	1486.4068087966587	2.126963293356985e-15	454.91606848693334	184430.0	105.31372982135841	8.392413029932938e-15	290.5113758688942	1.2697861201358074e-14	307.66734182000215
0.25552974003284246	1454.171515873397	3.15055353075258e-15	1427.750927529918	4.195348743397707e-15	528.3370055128348	187242.0	109.52524835231524	7.029085093256237e-15	284.6060691007301	1.0332200985831359e-14	342.1172290656315
0.2576245983098365	1386.0412419436427	2.141548708580148e-15	1396.3677615124273	6.8334914141560335e-15	426.85831001435804	190250.0	117.30745193536247	8.558904881497408e-15	273.54583738289017	1.0793189880987785e-14	335.6605600245474
0.2597164635916155	1357.216431901068	2.465070967704918e-15	1391.7177560424534	5.683326874047251e-15	436.5994898949046	192570.0	120.90387991683006	6.651579611931948e-15	223.55647014573557	1.0437029443389881e-14	349.4899594913207
0.26181718957783273	1354.45727891987	2.6953880823607528e-15	1291.9205181605996	1.824267070001296e-15	417.48843421773233	198254.0	134.19838501817145	6.192469838584287e-15	235.86874908852482	1.0530763586079409e-14	292.6538936034088
0.2639136507582234	1318.6260931327038	7.404167166228757e-16	1336.3994301404582	1.4721495757118396e-15	436.7434806764902	198074.0	119.24301594518482	7.251533635903313e-15	261.3478521672526	9.187445352514872e-15	333.9813142980547
0.2659980051593398	1291.1909725162618	1.2922706533570592e-15	1272.5355041459154	1.953664064796947e-15	410.95968901695744	202050.0	124.952227387491	7.592818761418136e-15	259.13542405506	9.843761838177137e-15	333.5731220371079
0.26808572042998563	1262.9127043807832	9.877218441343848e-16	1271.458201412093	2.1790700283101575e-15	375.9246945521817	205502.0	100.13803583281157	5.6388994707242495e-15	242.6800016397664	1.0269713033137288e-14	350.8202867071091
0.27018730748700454	1196.7763226774446	2.3061398765384754e-16	1247.7862527405182	-5.423867777381797e-16	444.43793212450674	210666.0	107.22404104313112	6.520928185956383e-15	217.59957251828902	9.049895330318203e-15	348.1191717486747
0.2722880547425607	1194.7164685525056	1.9880992398028114e-15	1247.1424590131226	2.2600918107400305e-15	441.4879067683565	212426.0	99.89592788468012	6.1761588302983125e-15	247.77463737463054	8.338215948333729e-15	342.93204132851565
0.27437521596173836	1166.1835187458064	2.4172191828860867e-15	1222.2745718218732	9.986806118670712e-16	432.68619136691916	213918.0	124.7961594251019	6.819098960173063e-15	220.74697517882538	9.336337529567224e-15	278.9785730069724
0.2764703503950437	1133.0769570457137	1.368309262277914e-15	1171.0039216093944	2.5698702901702094e-15	413.4070593145561	220994.0	101.97805317657186	6.131165983338767e-15	223.11559300200557	8.783905556089527e-15	276.78744857886
0.2785704488769453	1119.2611328368073	2.2951627759101344e-15	1183.961698739763	8.294203709672747e-16	434.5684703512206	221522.0	102.38632967011388	6.238035847381978e-15	246.29560025587205	1.0963852507800658e-14	322.0680556284397
0.28066492543713184	1071.4715725623832	5.80011553539054e-16	1147.6470840909221	-2.2704948527163868e-15	416.9452084116178	226314.0	96.95028578410206	5.9365867465662726e-15	230.088924648191	9.586326277347217e-15	315.56073260688765
0.28275310350000704	1047.4545473213827	-6.498023930313033e-16	1141.716266050308	-3.1745691652882777e-16	421.7870769458654	227294.0	110.68336316945977	4.731927672400147e-15	220.45519807576324	9.181718566489648e-15	306.58800276062374
0.28484336224216883	1033.8104427922503	3.949990127284887e-17	1095.6908168650484	-1.7173455799072586e-15	379.4492025045366	232962.0	106.23611743368959	5.647121781399265e-15	226.2100603453375	8.771218284058871e-15	306.03294263141316
0.286947838858037	991.5516209903703	8.18581071759203e-16	1107.3239604255882	9.774818452454098e-16	401.6419678780299	237818.0	107.34067578786832	5.464607752050203e-15	222.4653706996779	8.331812427027854e-15	295.1578435811772
0.2890464370692696	987.1273539728126	-5.013970818980853e-16	1038.2771726787664	-1.4824481385432962e-15	371.4542188863813	238398.0	105.59859955528685	6.130119948729159e-15	206.8981240104027	8.79591001090425e-15	310.9943963338381
0.2911315944952805	955.5866146325585	1.6059777675043625e-15	1052.5970288297056	1.8553770994548934e-16	370.4112148439283	241418.0	119.94845235772549	6.371950105614671e-15	206.6810192383615	9.807585648692306e-15	329.19433931934265
0.29322153174035864	945.559981980356	-5.314494516685677e-16	996.109359624192	-3.618980005434597e-15	377.69514365639566	246818.0	100.77591534609304	5.5708394688529084e-15	236.48407521944722	9.511209386792422e-15	311.1974319489043
0.29531882742196724	890.8059183723319	9.023727617177683e-16	1012.5536575664721	-2.5392551553053473e-16	345.88360154783663	249906.0	94.63447023145251	5.537339631756702e-15	225.4536744630564	8.396654665912548e-15	317.6031593350976
0.29741782184837046	895.1452272373077	9.663326806552052e-16	1004.5617813140279	2.0285972685598523e-15	338.1595044978461	254702.0	103.14003718960436	5.321790444806403e-15	213.9215685392627	8.232407413906585e-15	320.8648887201957
0.29950725283489293	868.7743207543109	1.1632050040467278e-15	996.8761737480703	6.197745056203362e-17	329.46732086989243	254418.0	108.57295514188726	5.449477064666566e-15	215.17726770740975	8.519846413338528e-15	309.28416762960575
0.30159148825515353	859.9318727165602	-4.651081433576809e-16	990.5010016653994	1.8851685126343e-16	342.5696213828846	260354.0	102.7598959723202	5.324806658257683e-15	216.1260239097115	8.489748633711415e-15	322.29311305013255
0.303687017237551	834.6108409341982	-3.1569813314672718e-16	969.2260458346072	-1.0981562849502274e-15	372.92298556130453	264974.0	88.47951406433548	5.048630152516615e-15	184.1002633622474	7.770606181222118e-15	298.4810520930561
0.30578839183029116	817.2512272304353	-5.304226601140529e-16	924.6559045438022	-3.091684821471462e-15	326.46420040477364	268722.0	99.32695387443306	5.352024028490675e-15	197.95368880283283	8.661193321702992e-15	289.22643657601645
0.30788549008276433	790.932048199111	-1.2729566953564102e-15	923.9718790036359	-4.843382806575131e-15	348.29810099398566	271562.0	103.98953201553468	5.4603395329583365e-15	214.13550951879367	8.874075256604581e-15	271.9395188902558
0.30998159194508096	778.015269301183	5.877498565605991e-17	886.1425722475464	-2.429593514116688e-15	333.48631203382314	275586.0	92.27647162878891	5.076413888242238e-15	210.53793707046444	8.822197463357535e-15	255.5806758478606
0.31208149304618216	762.2586503466063	-1.1595578311790201e-15	901.1354255992999	-3.481503688710771e-15	346.1256154142941	280190.0	103.13105280054643	4.752671903822529e-15	198.67467158983365	8.038522740987863e-15	288.7883753873695
0.3141796608475148	745.7577166615307	-8.674219912190302e-16	883.4741429527024	-2.805225695692945e-15	341.0224646313574	282834.0	98.48225617564823	4.361247141360828e-15	197.20649061079055	7.161476597763225e-15	273.4870194224058
0.31627053823306317	737.8766916804477	-1.1736534941988184e-16	823.7675892309529	-3.335148673753303e-15	337.6348368899323	285170.0	87.25029129557608	5.23635760192008e-15	171.92422592444257	8.308533774310562e-15	287.2584050559704
0.3183571361527939	699.4422518134571	-2.1258277938239094e-15	788.9998015891355	-4.222432197593954e-15	308.5408463362122	289886.0	95.11881150294947	4.906680416228772e-15	228.92881729773475	7.836216943664239e-15	257.493976598016
0.3204517453432118	684.1985498829283	6.886834183128128e-17	786.8830308047741	-2.48076348939947e-15	373.0658459500962	294474.0	110.08150337951653	5.145634089762869e-15	214.18860796159254	8.220822102209032e-15	227.8860627388214
0.3225516106039077	667.5240630585764	-2.050161120664634e-16	796.5405184427661	-1.334575364195863e-15	312.009396272391	299498.0	91.13693524025777	4.385678294431094e-15	204.87625052444454	7.233725971728545e-15	254.29713793601647
0.3246439874381804	656.820814853094	-5.382703293931876e-16	768.5893570544274	-1.2194809475032125e-15	300.4677886159054	299958.0	90.46805368788685	4.52963893172348e-15	230.32230728171467	8.542521749160249e-15	262.4472047069641
0.3267329670798588	642.5982452425228	-6.263344903316416e-16	787.8281174702646	-3.097932916798568e-15	263.5974909819365	305858.0	100.10852621994883	4.370393795614316e-15	202.43235787284917	8.375702118076683e-15	256.63176764311015
0.3288295442562379	631.4144186115441	-1.1657943176063457e-15	716.1837566310786	-1.6969254009283725e-15	287.5151295203474	310794.0	83.68607956836097	4.565813376490666e-15	188.18857395597755	7.868449806388603e-15	259.8196909176983
0.33092645486675915	608.4798632165102	-2.184892608788492e-15	733.3757656365461	-6.511930121624527e-15	320.416961329664	313082.0	103.4431763972579	4.872830324017164e-15	184.38713187689214	7.377073782313652e-15	229.80741557316736
0.33301202944540276	595.8769158703345	-1.2047771845142198e-15	752.7422346824401	-3.2301800675309142e-15	248.73835322474977	316046.0	96.04601060067519	4.298633576180694e-15	178.34239401173622	6.137066432609534e-15	247.20625829976544
0.3351033811931122	579.7955559014734	-1.6438459355431607e-15	718.5975542191685	-3.1863509544710857e-15	286.03986206154	322218.0	87.4127902998792	4.380271557245961e-15	173.9136976309467	7.168251694038321e-15	270.7227129028806
0.33720859310991436	564.7809890247325	-1.5801499777871661e-15	747.5536425388538	-4.488090712805685e-15	323.6461602800297	328562.0	103.27956215246758	4.380118888358462e-15	191.36920227427944	7.391566279983954e-15	223.21031470052196
0.33930591241744085	560.7296684064764	2.27023443230194e-16	700.3167151738334	-8.622562289897292e-16	286.96295333039205	327990.0	81.88648686319955	3.994382701777566e-15	191.76181766410417	7.085275157129606e-15	239.29861693599588
0.34139922040524007	544.1675245567901	-3.9362191411770673e-16	688.2532836462793	-2.5816136049424355e-15	315.97179681734025	335282.0	89.00429253592259	4.099622902886277e-15	201.69755937487776	6.96829944099576e-15	222.58543220640598
0.34349084860971135	523.0255308241549	-8.736567728257987e-16	726.7609706160526	-3.561235340682375e-15	303.406862242292	335970.0	91.71697395648044	4.085776998916802e-15	173.51255322091072	7.580228985614491e-15	265.74300056368344
0.34558591610222683	507.829577261404	-8.550752889776864e-16	680.6087557375763	-2.781440983116616e-15	268.79009248037875	344066.0	95.68024270561887	4.2671981216306685e-15	211.2220521319272	6.694488643461142e-15	262.23419380186
0.3476777772421155	511.1336808239564	-1.6940094032601637e-15	665.2743441503991	-3.916142643872004e-15	266.5131582391104	343718.0	97.5348038139536	4.2349434773654194e-15	206.11087682854702	7.31532511258322e-15	225.4377119255745
0.34976721832776586	485.98146141404635	-2.7798876731136343e-15	635.8977832111082	-7.033063097987114e-15	279.46287207562824	351498.0	86.93894202751991	3.9591156231406094e-15	182.2164358426509	7.198315446031169e-15	238.38120255261936
0.351864343557772	488.6982145112885	-1.733340542193224e-15	635.4853916324084	-3.674799359761453e-15	278.32692962537004	354458.0	88.60745423189013	3.762456097083164e-15	161.18328421586253	6.308154916059801e-15	256.1173047100262
0.35395714136271883	454.61115570194147	-1.5169789743985344e-15	568.6755161022527	-3.2660940082359704e-15	267.0734962915236	358566.0	90.8985202634752	4.174602851337023e-15	181.00616754039092	7.0417809554572826e-15	228.05818762860395
0.3560593236004948	468.7419032412914	-1.0848857827777125e-15	626.9566110715422	-3.792892638803452e-15	246.9705758342911	366122.0	90.16089248286022	4.030164300796914e-15	203.94457785962942	6.789562978839733e-15	201.29259008968162
0.35815671744303396	453.14278432840746	-1.4292088335502786e-15	589.6507053716047	-2.7352208113464003e-15	243.20303553042254	365810.0	82.90461655309183	3.7208573479270194e-15	183.64886533625392	6.669416159060712e-15	242.64766253642603
0.3602456749901394	441.11505432068697	-2.60468767670037e-15	604.3671987231843	-6.3175901268255544e-15	276.9329679708014	371622.0	89.34683874698582	4.169453209045697e-15	193.79495438826362	5.5790129352741025e-15	218.83923455322577
0.3623401528562886	434.76415988183027	-1.7989803949477895e-15	579.7766422209844	-3.1167380401697248e-15	234.25483946372853	375986.0	95.05116544385191	3.582987428868133e-15	176.39335402937863	6.559834041933041e-15	212.78556697246472
0.36443814488667714	419.5955143672101	-1.7667332315630135e-15	575.8724532204109	-2.6605578218750218e-15	236.01694455471596	382170.0	97.68807727527276	3.754248082699071e-15	157.71359639685403	6.213488321644158e-15	249.69823151677878
0.3665292802552212	408.97606989677473	-8.274338514177654e-16	558.631674196757	-3.1431293817647485e-15	257.3322045814614	381818.0	88.80831935277435	3.3589482511015865e-15	168.2646689132399	6.935975365465373e-15	229.67756366829477
0.3686158108380582	395.9633938541032	-1.9674618436410403e-15	566.4231674390549	-4.850945780658861e-15	273.7587232213198	389574.0	86.6624764294014	3.5014406900746154e-15	176.73446911050203	6.281017547436717e-15	235.34828054994566
0.3707114168823465	388.5965523539733	-1.68242568625097e-15	545.4709589628711	-2.6911213704032203e-15	251.39103769894112	393698.0	82.60103042338761	3.7848508491851664e-15	159.6355915492681	6.382880306220929e-15	236.78575476137902
0.3728094494920944	384.8777699094659	-2.19843820917235e-15	554.4175233868265	-5.896433733824057e-15	248.14306472233017	399458.0	81.77075978595546	4.460821289628344e-15	149.0246542320444	6.0716865054196035e-15	226.51007415670583
0.37490520593778603	342.53440531920467	-2.8743497182291866e-15	506.0141518212833	-5.718918759536748e-15	227.7753181898488	402222.0	79.48722218036283	3.641986986460217e-15	198.84136125305596	6.59317246965449e-15	226.31237780727753
0.3769986984086737	363.79629995517627	-1.4002765966718092e-15	477.1726832920406	-3.740183869391548e-15	217.6591105478709	406922.0	93.15904063805121	3.5462062935582103e-15	171.80304741803505	6.534605906876888e-15	211.60495741330544
0.3790948093112029	339.2634482854134	-2.316947505815721e-15	499.3674834046524	-5.1568833449205906e-15	238.56771980005746	412842.0	93.70083936016765	3.3736584717153634e-15	187.10033408211171	4.8794895427591964e-15	191.9830826697338
0.3811904196324632	331.2112434727309	-2.765582759529765e-15	477.6961037723499	-4.617472484862147e-15	204.06814316188553	415346.0	90.51152907623106	3.3523108732039756e-15	160.34232465893166	5.5891972212921446e-15	231.5975888199698
0.38328254569607956	331.14640737377056	-2.511655738105152e-15	497.0836694415459	-5.06805589260042e-15	212.98653378772127	421182.0	80.43965158619878	4.4393568730058734e-15	172.63853175092325	5.92388495144353e-15	216.05661859299616
0.3853768048451913	319.6680542096457	-2.7487743513979013e-15	485.9911234337218	-5.840939443190641e-15	235.48717026827413	425018.0	85.75009642914523	3.703050542291477e-15	158.6120784714682	5.732535925488551e-15	214.18487632215917
0.38747310879174657	317.0807422031489	-2.2418630279139725e-15	468.36574731134476	-3.957891140646143e-15	198.95684975422606	431138.0	83.13059285024322	3.1384781514528747e-15	160.23402352030058	5.2209932637676035e-15	216.9930306591832
0.38956847242602344	307.67232921407214	-1.7884089518642566e-15	462.03151159716174	-1.5731993164870075e-15	195.1717048394831	434382.0	82.75167659822841	4.067008676232332e-15	171.74280986105273	5.745800591009693e-15	232.3663756208639
0.3916629057081188	294.2183539906229	-1.2209842746322999e-15	451.9456649629638	-4.391077061944635e-15	194.2137989628706	439514.0	75.08193961127103	3.505707703731892e-15	141.9713529498755	6.682271279456566e-15	237.4193683321879
0.393757983220179	288.06358342384675	-2.6467141349826896e-15	431.69394966842884	-4.534297479746823e-15	185.50063546903718	444738.0	82.05198449853172	3.674530263397442e-15	146.1163241374492	5.397744149716014e-15	199.95456491237505
0.3958542107026194	290.2921550144047	-2.0106679290859654e-15	433.3905145929415	-3.006403176840587e-15	227.94208986511504	448910.0	87.71299040704481	3.359106715944999e-15	177.1709240449424	5.858953917558775e-15	207.69562827599628
0.3979410613100287	284.72802501333786	-3.1470339996846283e-15	444.14263894669233	-6.726387086933242e-15	206.24366432469313	450618.0	82.87717819339744	3.595188506830738e-15	157.67117155503664	5.887260398455463e-15	186.6081737976319
0.400031222268962	271.5389407285401	-2.762602539822299e-15	434.4147307804408	-6.395013229108576e-15	195.58018445932518	459554.0	80.03183016416591	3.5905311253536836e-15	155.22353506711852	5.800720384639994e-15	224.39943047160685
0.40212821855496034	269.6953923638218	-2.5160316517235566e-15	428.1698172509008	-4.838720529992707e-15	208.91798034484668	463106.0	72.96822188824557	3.597168604919204e-15	177.6929708327494	6.147309714706539e-15	206.0359902618822
0.4042192291566213	269.2153472943648	-1.836753100424194e-15	409.96750924850437	-4.190267592346644e-15	191.44568206897938	467094.0	79.22198891464996	3.774771330140341e-15	165.78681397781097	5.542643703360749e-15	215.21183742390787
0.40631667801378574	254.5987118633107	-9.1777901784032e-16	405.71840838593255	1.4208492039723065e-16	151.9886238139415	474938.0	83.82707758573292	3.5339149702837455e-15	159.09039600965752	5.54162628592088e-15	203.38446108659576
0.40841358559262536	232.6662506260328	-4.3804937018919005e-16	397.58188395756804	-1.4291628011259722e-15	212.7156849500874	477186.0	80.72573184816528	3.79525319972457e-15	146.211922477055	5.653558265846555e-15	211.254359003709
0.4105107377095842	247.1595603153077	-8.877127873946686e-16	372.06230835900783	1.3694040976011617e-15	166.93626139248292	484670.0	87.76399990831138	3.668973280303338e-15	154.64774588014356	5.365211650387023e-15	213.10230181367643
0.41260769511212964	241.03030217577762	-4.397339838235636e-16	420.89336566893894	1.0304370076642943e-15	181.0277975222017	487010.0	79.39219983886404	3.027397845953973e-15	153.1425837388321	5.7366901383325994e-15	238.87797014543665
0.4147015326763686	225.28099403468724	-5.527767939219376e-16	380.39732763338236	-2.854417328065049e-16	192.59749268320402	493314.0	81.0524321412972	2.9353168433114033e-15	132.65640182169247	5.757937754526629e-15	218.31187832225686
0.4167952953148375	226.19493752181202	-7.489984379811939e-16	374.8539689916982	-9.797657996305113e-16	179.57652661945184	496322.0	78.5536024956325	3.027795724631659e-15	145.56252254902404	5.074945435403719e-15	184.74099774044993
0.4188842397803977	216.5512427764991	6.069750963657127e-17	363.0043545230668	6.360632735997471e-16	168.00920075175898	501702.0	76.94937684974067	3.2236247596587424e-15	141.2309063775053	4.7667845822563746e-15	204.07054988199755
0.4209783533233601	208.21999284137055	-7.53447409910681e-17	340.2122692247688	1.2665263543649506e-15	197.7010018282535	508562.0	70.55361480907462	2.9749037838913873e-15	148.1535335861599	5.452185745566092e-15	179.55359829556414
0.4230778150374639	205.949443314677	-2.1715678323242197e-17	336.76482138415037	8.268516625568159e-16	183.7483813688962	514242.0	80.09486050532938	2.812450019876968e-15	158.89044199127505	5.499073387536703e-15	181.1685550484287
0.42517152709832173	206.38050091676882	7.254797840108661e-16	352.5193318244206	1.5343401412446282e-15	165.15241401983025	516158.0	74.49367901190264	3.219033580512679e-15	145.2112539908588	4.808038334061629e-15	206.22032572809204
0.4272622791999099	191.54599595497814	-3.2314704476154645e-16	371.04499303425234	-4.758195378837907e-16	164.7240623527574	522602.0	77.3406624575725	3.4152405934282543e-15	139.06565096176914	5.099444225806987e-15	195.92418762401795
0.42935980929285517	189.2318440801263	4.768265470982182e-16	339.40581579860634	3.2503860657908353e-15	144.11284977782526	530658.0	77.11906547735856	3.079550651982599e-15	155.06306731655135	5.30605410087034e-15	205.71101402905143
0.4314537050668058	194.50250455024334	7.720647579936756e-16	336.75539900308956	4.7264363795697105e-15	160.67257232134264	530042.0	70.48772207583286	3.45684612449602e-15	136.43724735047118	5.965380589667603e-15	189.2268146101127
0.43354262987550957	174.27230203808938	1.4892882984869353e-15	332.32985897490727	3.3049679455342278e-15	145.044420071745	538878.0	67.98680916589123	2.9299971408850676e-15	139.80035814914743	5.009562443555546e-15	208.30843048141472
0.43563820294805433	181.88909558396747	1.0436254339192623e-15	330.91382184374356	2.501670715723633e-15	168.3645127646521	544130.0	65.83306258472145	2.9119661528251304e-15	156.73374519057143	5.1304645435749765e-15	203.79780932977278
0.43773811102942584	182.6397126493856	6.3145120426256515e-16	333.1105951119945	2.8196683402985103e-15	173.1291716265013	551106.0	77.11640751497112	3.2086944501084464e-15	135.6968051416111	5.499922763404213e-15	171.5815076904392
0.4398353804298099	183.15520982905753	9.044948486622315e-18	319.1487318281129	9.318127956227766e-16	145.13916552302143	553982.0	78.3156869452344	2.9397058925955572e-15	161.89784442409655	4.3422308489850715e-15	181.0528063390212
0.44192809813891515	173.27508826546634	-1.2200109560447668e-16	322.7647968233032	1.0813555832987257e-15	160.80035122935885	558242.0	72.66268989174527	2.7853731036451822e-15	155.7572982766424	5.361986386842103e-15	207.79466080709025
0.44401907492719583	165.38180034084647	8.032026778466321e-16	278.00195794849344	2.125303208212777e-15	169.81279757825246	564546.0	69.4812800575124	3.0628474723729407e-15	137.81588720563866	5.430261387326404e-15	179.9090979681157
0.44611350315747617	164.10594505630255	1.3212733436050145e-16	318.9978622010674	1.5136239102678388e-15	161.0062937831577	570494.0	71.13243107797668	3.1500183622350908e-15	136.04719203869954	5.012144842365505e-15	189.83510063014256
0.44821126611811224	158.80841158424727	5.126266497595356e-16	283.48926336400757	1.4225709624534114e-15	148.88656347893414	576762.0	73.7840239140312	3.266369654702567e-15	171.25994385735868	5.607460108899722e-15	220.33769442399694
0.45030248279419327	139.12556275093974	6.296625240274607e-16	317.89731666242534	1.4462916558887906e-15	138.23881063819766	578234.0	70.53413022089762	3.078408355179443e-15	120.30314398656999	4.571966679357081e-15	208.434269858474
0.45239181614020907	147.23286317120804	3.6108054004813594e-16	278.9113325614148	1.5015060048953347e-15	121.10244957489056	585666.0	72.01020364274834	3.031585046183626e-15	145.56851743372494	4.232603628096726e-15	229.02925114747973
0.4544890346882619	139.40727960638526	8.149273122563229e-16	284.82643082468326	3.1149495347770604e-15	157.63183013912933	594446.0	72.89344950309739	2.4692170153536855e-15	129.26978762126203	4.216467406287533e-15	189.81879630261187
0.456585216147401	146.47865592163913	8.7710427563497e-16	276.69468346588445	2.7042397826188312e-15	167.39520270327597	595250.0	68.64863538837297	2.6936785114348085e-15	153.19774293975595	4.136759010738116e-15	175.46149510138798
0.45867738260409396	128.85497291629713	1.2045550365951478e-15	274.11650803755276	3.916736973664101e-15	134.86691306005608	603402.0	64.29473226477047	3.0260761454699236e-15	127.79938302897129	4.16125802721502e-15	188.3554448785161
0.46077126751930486	133.06515970682082	1.504276793588207e-15	262.0332796841892	3.837886489366884e-15	140.21915430987306	607382.0	73.83137479090904	3.542333140113984e-15	143.31641233583716	5.229485365328981e-15	183.3791052609489
0.4628700066996915	135.54659812593837	1.2957109015653717e-15	283.3520018432285	3.604492449316704e-15	156.64406072021666	617010.0	83.770258683861	3.4017990134909867e-15	134.1983780398453	4.301006221889069e-15	185.92108459562212
0.4649651542939671	127.27489796454616	6.802233139710179e-16	268.27275161562284	1.5703651589908416e-15	163.5302141090478	616778.0	82.65386341885403	2.738293946969208e-15	139.792036394335	4.832490407221173e-15	169.22677196473336
0.46705540142808394	123.80593448740892	1.8159891373319885e-16	268.6534905123878	1.2097811106648748e-15	169.96986126286092	624746.0	71.7662153263967	2.605844420319276e-15	138.46444374029585	5.265174438503371e-15	168.79568834486534
0.4691447986162664	122.3282398274768	8.032907692595291e-16	259.96903981457376	2.049303445681848e-15	152.44746884883494	628062.0	65.09674427941505	2.538160782490283e-15	138.29127052132407	3.861201801672309e-15	172.86341070129032
0.47124096432230705	111.91277198198527	8.739331918567194e-16	281.52169591424024	1.3534649062134503e-15	159.9195529972557	639410.0	61.77338786037113	2.9546487660809337e-15	128.56332313561515	4.994696219116309e-15	188.23386290158663
0.473342479383577	108.30384941094152	9.213250544498465e-16	256.09944014311964	3.1455296370077726e-15	130.61319344278658	642954.0	68.41466171943007	2.7078281954593604e-15	146.63069345535504	4.570220114419716e-15	148.4502478422853
0.4754357028575096	107.63064071918988	1.2565552538387243e-15	204.6096931469735	3.1807180439405564e-15	145.5344937292878	645974.0	75.88393963631651	2.3897314317550775e-15	142.8439400963347	3.7973773163885315e-15	165.57388630272257
0.47752814754178546	110.34771785375193	1.1267105844791223e-15	233.37240920454428	3.188440809464537e-15	114.12670643438629	653490.0	71.68455892819622	2.936281999634665e-15	132.04941623610756	4.9228104812632455e-15	200.1540751172567
0.4796256471936639	102.16201811489718	1.2176475589246002e-15	234.708557186075	1.9626300383587738e-15	123.95942975328781	660746.0	71.83701117955643	2.344215937031258e-15	125.89257653336882	5.022182947285437e-15	188.99595602331712
0.48172253897996287	102.61731154131496	3.1795967064697116e-16	244.61696313177785	1.3508640657976893e-15	119.6214659694114	664646.0	70.30286782918517	2.710830186782994e-15	121.86398472387432	3.811717894279817e-15	176.05087222755338
0.48381151293993485	98.80219712964065	3.4436872506310838e-16	248.32760994325798	1.3824667970893783e-15	129.0746396687695	667290.0	79.32751591075564	2.346991286113096e-15	130.20158842931258	4.4448703534748336e-15	182.41591091671117
0.4859047007743125	98.55953984015125	5.922000666151309e-16	244.193107287058	2.254759754632288e-15	117.46492722815277	679034.0	67.11244423425724	2.4702369308956796e-15	133.01641440799344	4.3449943645373674e-15	184.65862152140275
0.4880045536910571	106.82529287337131	8.268268741534977e-16	205.24810319451925	3.0801270140845415e-15	116.2208170002589	682722.0	68.14629644912867	2.6860022905017903e-15	157.44812206998293	4.140109479871507e-15	158.7556472985693
0.49010377790193255	92.35071602171567	1.3401515808436846e-15	217.78435613795452	2.1660494320088535e-15	116.6846046632068	691238.0	68.74025074181449	2.2084135565398956e-15	124.09588651933757	3.81746447479034e-15	156.75134904233838
0.4921950422577814	94.5334445345013	9.229131046807001e-16	214.8073218661017	2.808363912899471e-15	119.57484503939389	688602.0	66.42068544402449	2.4750713905557497e-15	138.91435133458873	4.17886467652493e-15	158.7219546302761
0.49428252543570406	86.31766350950143	5.951028535005744e-16	223.94320842658533	1.1577213981851876e-15	105.39833879347836	700826.0	67.39380692629177	2.7354682589899237e-15	129.61987223054544	4.079459672927589e-15	172.483479283688
0.4963780716745103	95.49344824428559	1.0271853707638975e-15	214.42938659650844	2.7118643614943174e-15	128.49832637002493	705662.0	63.192019563898874	2.5824583721538688e-15	122.61471927924417	4.317959552824016e-15	160.67453831226996
0.4984700155471706	83.9033345081132	1.470149742323957e-15	192.5932229874979	4.0332315591286416e-15	107.50843703275227	710082.0	66.3734899949269	2.5856206075039513e-15	116.35167913948402	4.399566043009859e-15	152.85722589257324
0.5005629197057143	77.63749064795923	9.842788262000774e-16	220.19217740947843	2.5629533628112243e-15	108.2025366053572	719162.0	62.58344296474428	2.7176085067509267e-15	127.625179427454	4.014840947383624e-15	160.66858930441595
0.5026577270006046	79.86492383015897	1.010195391757574e-15	228.0813321618668	2.5535794269136504e-15	110.36039807699413	722250.0	66.94812188707793	2.7075321591644634e-15	124.8234866082225	4.618082622332789e-15	152.7360169114717
0.5047518476887501	73.40938845122935	1.4733180605487098e-15	192.8307166613096	2.8620728037469365e-15	134.71418038417153	731510.0	71.20279397540698	2.945859101053876e-15	104.00364396560326	4.118232667012922e-15	170.98459725301774
0.5068495365362307	74.07829407380571	7.039147180398779e-16	206.24097136554582	1.3757472761315279e-15	140.72310591179175	736442.0	66.84872103250802	2.443611025589071e-15	137.96946663839066	3.848786948763266e-15	168.79068759117172
0.5089429063346701	77.44805916509902	3.3460873587614104e-18	181.7785270961963	3.0372760154197773e-16	162.02359585364036	740898.0	61.08584938189302	2.290953174922244e-15	125.68561072508207	3.3977296259051506e-15	165.7362748987571
0.5110381283357135	78.25156622861056	1.1252023569708138e-15	223.81345840145218	1.829973713893711e-15	118.21220347518823	750158.0	63.030356864297374	2.4042970718874252e-15	122.78943003652809	3.5280181451529905e-15	150.67884557796307
0.5131369218709732	83.12566332413014	1.0581453895586928e-15	214.58731160175284	1.4918695745554238e-15	109.99084334062368	754866.0	69.18714444268822	2.6401477371085567e-15	110.53717906136421	4.4721021502768064e-15	171.04537442769237
0.5152316029843532	63.0277907263606	4.0366586215900084e-16	187.26868271915794	1.4742153048039365e-15	165.0051405175922	760826.0	59.97878797411597	2.227583773819502e-15	111.67776472071188	4.392130111534135e-15	151.68151739315758
0.5173233050903651	66.35098558740634	6.042217070929157e-16	188.27162971508199	1.4785438430128129e-15	120.31802919846692	764034.0	68.22267568770773	2.1906791611645793e-15	122.37679912859163	3.892285245937484e-15	166.3393877533794
0.5194152249022146	66.14987047215314	1.85826686353654e-16	180.419692297928	3.324684606301397e-16	94.18235139160987	773846.0	63.568109771949324	2.5273049818777715e-15	114.7172495994131	4.828612487016244e-15	170.99226288099297
0.5215115987032525	61.024330522421735	9.10672460806918e-16	189.98242030419172	1.850255012476895e-15	116.57061285005517	779714.0	63.727671339367255	2.5900981114632805e-15	113.25253834570425	4.0788959239082205e-15	179.55193175316387
0.523605645679346	68.0322243953064	1.1261041891989598e-15	158.2628294092418	2.0150355924967476e-15	131.90803706009407	784314.0	66.64744154653307	2.5315827474296986e-15	133.60019100358042	4.2754882725979366e-15	178.22008786180677
0.5256976825081559	59.5839315268357	8.26634430128094e-16	162.16344682631194	1.561027988503586e-15	130.22958492375494	791342.0	58.58453479902437	2.441619233482427e-15	118.35425609320227	3.619129179390828e-15	159.05163378510406
0.5277937638257132	56.24945129389029	3.6721515431436723e-16	200.03438271516916	1.1546711168508429e-15	130.30985662717694	799458.0	68.41488631896684	2.426196152685869e-15	117.95585387825975	4.152830504213582e-15	179.12334221656167
0.5298904113837739	59.28933677830252	5.476975293506172e-16	186.60022021064214	1.363772159322464e-15	141.52974846068662	804962.0	68.8946609383721	2.1697862122757387e-15	115.45520472643163	3.5514066713478206e-15	149.21649496126923
0.5319842612101567	64.40455258704073	3.357826350000815e-16	168.81358187718945	8.456358729654497e-16	97.11199226183312	809550.0	60.97358130768665	2.278035872159237e-15	110.72990456971944	3.9918931195582975e-15	159.28936072334955
0.5340724229106822	61.74196227781973	4.112232915927194e-16	163.70462119354505	5.300763094898598e-16	132.0249084486153	813458.0	67.97815263793922	2.5977948702144403e-15	133.07855998669748	3.651546892886843e-15	173.663211471716
